Frames,Tail_X,Tail_Y,Tail_L,Body1_X,Body1_Y,Body1_L,Body2_X,Body2_Y,Body2_L,Body3_X,Body3_Y,Body3_L,Head_X,Head_Y,Head_L
2791,738.0485,1546.5245,0.23605907,678.59875,1575.7101,0.6377793,626.44855,1607.5145,0.8231843,565.2859,1652.3105,0.81303775,517.1692,1689.8824,0.748831
2792,734.77313,1530.0765,0.35180596,680.2263,1570.9628,0.6774856,626.6394,1604.5625,0.83453995,566.0932,1650.2927,0.7699455,517.5176,1688.3351,0.7664907
2793,727.36633,1521.868,0.48920837,679.1522,1570.1066,0.6747251,624.25824,1605.9117,0.7918266,564.5578,1650.9417,0.7965396,516.9811,1688.8472,0.7627207
2794,725.38556,1518.7305,0.5159823,679.13635,1565.9176,0.70023215,624.23035,1604.4866,0.84924895,564.1666,1650.2223,0.78344053,516.767,1688.516,0.7616467
2795,725.4714,1516.2084,0.59934485,673.9272,1566.8981,0.7803507,623.0723,1604.1151,0.85943013,563.9335,1650.1836,0.7567364,516.16223,1688.3384,0.78092664
2796,721.90204,1511.5337,0.5177385,672.0966,1567.6143,0.7447756,620.5802,1603.8931,0.8417538,562.18994,1650.4675,0.78158516,515.8015,1687.9172,0.7736593
2797,717.65076,1528.423,0.4161164,668.5792,1569.3524,0.69122356,621.03375,1602.1035,0.8322308,562.40265,1649.058,0.7672677,515.1016,1686.4034,0.7603384
2798,708.3315,1534.7231,0.62981457,667.49695,1569.1976,0.7132801,618.48663,1602.7449,0.78626525,561.82794,1649.1569,0.7552223,514.9553,1687.0222,0.73998135
2799,705.9428,1530.2482,0.48633182,670.7094,1567.4542,0.7164162,620.4616,1600.3344,0.8181257,560.897,1648.3511,0.7485889,512.8661,1685.6482,0.7751047
2800,705.95013,1526.6525,0.388993,670.0966,1567.1572,0.6891972,619.90314,1600.4917,0.8516061,560.76904,1647.5806,0.7586132,512.57654,1683.9829,0.80935955
2801,707.76355,1526.7007,0.36785343,669.6176,1567.9224,0.7021499,617.11584,1602.599,0.80849695,559.77563,1648.032,0.75521773,510.7978,1684.9307,0.76270956
2802,710.07965,1522.3326,0.40069264,673.061,1566.4292,0.7450859,615.1792,1602.4779,0.81965953,559.877,1646.3474,0.7199521,510.2089,1684.3901,0.75915277
2803,715.29767,1517.9648,0.44281238,672.63745,1565.8345,0.74985594,614.8752,1602.6182,0.84867716,561.6156,1646.5061,0.7641004,509.86414,1683.835,0.74690723
2804,717.9304,1514.2614,0.4694998,671.7426,1564.9978,0.73528093,615.07776,1601.0135,0.8294666,561.39044,1645.7601,0.7533469,508.77985,1683.7095,0.77936727
2805,720.43774,1511.9988,0.5605337,671.0402,1565.1783,0.74821967,614.4763,1600.3615,0.8295996,559.4338,1645.3444,0.77455634,508.38046,1683.2266,0.78242254
2806,725.4905,1513.6924,0.645897,670.7582,1564.996,0.74584514,615.0547,1599.7312,0.77533597,558.2324,1644.9617,0.7943796,508.322,1682.7281,0.7905794
2807,723.0521,1511.5128,0.624948,670.54083,1564.9985,0.73291945,615.84485,1599.6001,0.74033237,558.7422,1645.2188,0.7716369,508.13712,1683.8164,0.7892673
2808,720.28345,1508.4218,0.5890987,670.18134,1565.135,0.7303272,615.8563,1599.3914,0.7389504,559.70874,1644.6437,0.75237834,508.99313,1682.8423,0.7920618
2809,720.1266,1520.909,0.5809229,670.29456,1565.0774,0.7462599,616.11444,1599.155,0.7534975,561.43036,1642.8245,0.733668,508.76376,1683.0166,0.7970736
2810,718.37787,1523.6058,0.72244805,670.4048,1565.5311,0.70115185,615.764,1598.9099,0.7340411,560.9734,1642.5465,0.7429787,508.3437,1682.7471,0.8076566
2811,718.4939,1519.0417,0.7103625,671.5139,1565.6768,0.7023323,614.28467,1600.1837,0.79762006,560.4841,1644.2043,0.7410433,507.37534,1682.7117,0.8139213
2812,718.02234,1514.2924,0.58203393,671.6334,1565.5835,0.716935,614.7215,1600.534,0.80185735,562.272,1642.698,0.7107265,507.92667,1682.0557,0.8158249
2813,720.3831,1514.9764,0.51916844,670.8493,1565.5509,0.7419867,615.1327,1600.372,0.7900548,560.9566,1644.4767,0.74250764,508.54083,1681.6587,0.8241337
2814,724.04126,1519.2001,0.56707346,670.0252,1566.0842,0.73642695,615.06775,1600.208,0.77753985,560.88763,1643.93,0.7439282,509.55292,1680.2445,0.817185
2815,723.2609,1518.212,0.57440096,670.003,1566.6658,0.7348322,615.6636,1600.303,0.8002434,560.858,1644.3328,0.7514928,509.0834,1681.0736,0.8174167
2816,719.9712,1513.1958,0.518723,669.8999,1566.8907,0.7122375,615.7464,1600.3798,0.83393127,559.6591,1643.5956,0.75816435,508.96002,1680.088,0.8329199
2817,720.4548,1523.3285,0.4495649,669.57544,1568.0126,0.7142524,616.35284,1600.1676,0.7928991,560.0102,1644.554,0.7378081,509.212,1681.0492,0.81825083
2818,708.4469,1538.589,0.5085681,664.44305,1571.1842,0.66459244,616.404,1601.7015,0.8186693,559.98145,1644.5977,0.73777795,509.15656,1681.1274,0.8023747
2819,702.7338,1543.658,0.4572947,663.0808,1572.6531,0.7041103,616.57214,1602.5216,0.8479978,559.4165,1645.2002,0.73643965,508.37338,1681.3116,0.81011015
2820,699.54504,1543.4102,0.1773105,665.2969,1572.8307,0.6753135,618.2095,1603.9209,0.81298584,561.5538,1644.8158,0.7671334,510.01117,1680.7511,0.78299546
2821,706.59283,1549.5663,0.13877368,665.6906,1574.063,0.72283065,617.67053,1605.058,0.8126041,560.904,1645.0061,0.7499835,509.27457,1680.1476,0.8011554
2822,725.7145,1547.2643,0.270452,666.8882,1572.0134,0.6755906,617.19293,1604.9305,0.8387817,560.4788,1644.6782,0.778295,509.1952,1679.1885,0.80019754
2823,702.07117,1536.6492,0.34235895,667.2969,1571.807,0.6851565,617.8097,1605.0332,0.83975923,560.5347,1644.6417,0.78265154,509.47418,1678.2333,0.8021334
2824,703.6818,1535.9648,0.31219992,667.279,1572.2996,0.66918343,618.1387,1605.3013,0.83380175,559.54126,1644.7179,0.7427086,509.5323,1679.5103,0.79971594
2825,704.8006,1531.6597,0.35599005,668.42334,1571.3561,0.70236176,621.46155,1602.8842,0.83261985,560.1115,1644.8799,0.75969535,510.42328,1679.0392,0.79994595
2826,713.35803,1528.7338,0.39736617,669.56494,1570.6315,0.7247651,621.2302,1602.8625,0.8522264,561.35266,1644.8517,0.7676619,511.09824,1678.8945,0.7741898
2827,709.58624,1524.0553,0.46322957,669.9729,1570.2478,0.7319795,621.5208,1602.8441,0.8427801,561.35345,1645.1212,0.77354264,511.33255,1679.4347,0.7630534
2828,709.36774,1519.3263,0.5104398,670.00226,1570.0558,0.7373586,618.3559,1606.4545,0.84868705,562.1693,1646.0178,0.79044163,510.16327,1680.7329,0.7781432
2829,707.7291,1515.7755,0.45669892,669.45605,1571.0138,0.7264321,618.3132,1607.0994,0.83783937,561.49243,1646.2069,0.8035915,509.15686,1680.5997,0.79000306
2830,701.21796,1509.4526,0.36397448,666.41626,1573.1545,0.7333233,617.7579,1607.061,0.85186154,562.73663,1645.8629,0.7715674,508.74933,1680.5629,0.81794554
2831,690.9235,1553.9253,0.39379117,662.19653,1579.9117,0.71927017,617.63324,1607.399,0.8499543,561.70996,1646.1144,0.79626733,509.09027,1680.3148,0.8156347
2832,690.50116,1550.2479,0.2887019,665.9881,1577.9493,0.7708462,617.8769,1607.8079,0.8360256,559.85474,1646.1466,0.7759994,509.37488,1680.8077,0.80401593
2833,689.33405,1552.2041,0.29880753,666.3517,1579.0574,0.7718529,617.37335,1608.8422,0.8209089,559.79565,1646.145,0.7922457,509.39175,1679.4292,0.8035714
2834,688.02594,1552.538,0.39202732,667.6564,1579.5088,0.7376337,617.5545,1609.5094,0.8153467,560.30536,1646.0359,0.79575074,509.5319,1679.3167,0.7971033
2835,688.4497,1552.8126,0.39577234,668.63434,1579.7457,0.71994746,618.0234,1609.8501,0.7766748,559.60864,1646.4147,0.7847752,508.58563,1680.0521,0.7980941
2836,690.6919,1551.9957,0.30641466,669.39575,1580.5645,0.7149396,618.15265,1610.2007,0.76005137,559.45734,1647.3048,0.8251973,508.54327,1680.8965,0.80928713
2837,694.236,1549.7798,0.21561058,669.65424,1579.7946,0.7385019,618.17206,1610.8278,0.75736135,559.97437,1647.4988,0.8279984,508.15723,1680.1648,0.8203283
2838,724.25354,1554.1051,0.28475514,669.8659,1579.1543,0.7541736,618.9913,1609.8064,0.756246,559.6153,1646.37,0.7965742,509.4669,1678.8951,0.8087452
2839,722.6538,1543.7823,0.35582945,669.7669,1579.0946,0.86003965,618.5127,1609.9282,0.763122,559.4484,1646.1484,0.787183,509.14362,1678.5181,0.8133432
2840,707.7493,1533.0372,0.42738724,670.7392,1578.5565,0.82097447,621.8571,1607.168,0.772458,559.55554,1646.5149,0.78947765,509.31506,1678.4175,0.80562055
2841,708.23145,1531.9263,0.50253,670.272,1578.528,0.83214355,621.22675,1608.1064,0.75311357,559.33954,1646.5571,0.80008584,508.45367,1678.5985,0.7869106
2842,707.73157,1528.3964,0.53790385,668.792,1578.7754,0.86020285,618.302,1610.3695,0.752284,559.63763,1647.5057,0.8131898,507.2616,1680.3727,0.76324755
2843,707.6931,1527.256,0.40526742,667.1961,1579.7264,0.8144676,619.11597,1609.8356,0.72393614,557.12,1649.4152,0.80696815,505.91516,1682.8586,0.7452148
2844,699.4664,1516.1915,0.34093818,666.08594,1580.7227,0.8336003,619.01556,1609.739,0.73443776,557.9289,1648.4769,0.8439145,505.63354,1682.2056,0.7476212
2845,694.84674,1560.693,0.3580705,663.527,1585.3231,0.83228475,618.45984,1610.4382,0.7381118,558.10425,1648.4609,0.8315835,505.21927,1682.5554,0.7307717
2846,692.6951,1557.7213,0.33268237,666.0954,1584.7158,0.81129277,621.3127,1609.4072,0.78018725,558.73956,1648.8699,0.8394616,505.1764,1682.2148,0.72747594
2847,692.48914,1556.4286,0.26369378,668.25354,1584.4456,0.7656871,621.0055,1610.4319,0.80923355,558.50433,1648.495,0.8402854,505.46228,1682.3693,0.7184694
2848,693.0136,1555.992,0.20687708,669.78894,1584.1525,0.75305724,620.752,1611.8892,0.8128416,557.5954,1648.9403,0.7965399,504.959,1682.6813,0.71920854
2849,694.7728,1555.6533,0.20896058,670.6139,1584.3069,0.73889774,619.9412,1613.0006,0.81882274,557.8768,1649.4432,0.80329835,504.54236,1682.9369,0.7346147
2850,696.5271,1555.028,0.20146586,671.3186,1583.9998,0.7491431,621.41565,1613.0477,0.8157829,559.3096,1649.6763,0.8554723,504.89536,1682.9698,0.7334379
2851,730.4008,1555.3921,0.23669428,671.9969,1583.4832,0.7640655,620.72546,1613.2958,0.83658856,559.4354,1649.6714,0.84165204,504.1873,1683.6243,0.7283243
2852,724.14496,1548.4088,0.32043505,673.4466,1582.7435,0.7666923,621.5429,1613.4551,0.83510876,559.5164,1649.6709,0.83876336,504.2697,1683.3541,0.72295374
2853,726.94543,1543.0111,0.34257108,673.2838,1583.1904,0.75507337,621.31024,1613.1263,0.86592495,560.2376,1649.2651,0.85721713,504.60605,1683.0701,0.7183021
2854,723.12976,1539.0708,0.35383335,675.27264,1583.0613,0.77443856,620.43555,1613.2078,0.8605413,560.50616,1648.9492,0.8829872,505.61163,1682.6466,0.70715946
2855,722.141,1534.2434,0.51002854,676.67773,1582.089,0.7755308,619.7394,1613.8093,0.856354,558.23724,1650.0447,0.8263806,504.15082,1683.8666,0.7118884
2856,722.0839,1532.9124,0.45011228,673.01245,1583.2755,0.8638529,619.7519,1613.3922,0.85311013,557.9694,1650.3046,0.8301212,504.14587,1683.9297,0.69936985
2857,726.49854,1535.7407,0.34833944,672.89746,1584.7542,0.80361265,617.9242,1615.3491,0.88242114,556.9852,1650.6975,0.8004376,503.59955,1684.0092,0.71296054
2858,718.6202,1555.4836,0.34708628,671.9358,1585.4922,0.763028,619.00464,1614.7335,0.8726517,557.4312,1651.1454,0.8112741,503.55502,1684.2223,0.7333986
2859,713.12555,1558.6151,0.3558388,672.17584,1586.5966,0.76644224,619.9107,1615.4331,0.8643743,557.31036,1651.3992,0.8067397,503.6098,1684.0376,0.7230511
2860,725.18164,1560.2173,0.294265,674.87213,1586.198,0.75707567,619.58734,1616.7638,0.8457872,556.9079,1651.8655,0.7912285,503.68942,1684.045,0.7124064
2861,723.22076,1553.4868,0.3354912,677.32855,1585.8542,0.75526583,620.0581,1618.1849,0.83997625,556.8776,1652.1637,0.813654,503.92892,1683.6123,0.70705116
2862,723.6177,1551.9622,0.42285278,678.6521,1586.3821,0.76264143,621.25757,1615.9205,0.81461835,556.2271,1653.77,0.8066694,503.52628,1684.1519,0.70623416
2863,724.8426,1551.4744,0.4233132,679.0352,1586.8367,0.7823564,620.9021,1616.5806,0.7955784,554.6997,1655.0198,0.7692561,503.21167,1684.0865,0.68844336
2864,725.9161,1549.8102,0.39693722,680.0274,1586.3713,0.7487113,621.30865,1618.7628,0.83432186,555.84705,1654.0862,0.7729776,503.3836,1684.4271,0.69416887
2865,724.3501,1549.4957,0.38182652,681.45197,1585.4841,0.7122407,622.849,1618.8073,0.8509725,556.2985,1652.9082,0.76338184,503.59348,1684.7292,0.7101539
2866,726.29645,1548.3931,0.4326658,682.0301,1584.5729,0.73563623,624.61456,1618.0425,0.83309984,556.5391,1652.6285,0.758619,503.76346,1684.4646,0.7007617
2867,728.077,1544.373,0.47301194,681.98145,1585.1593,0.74551123,622.43195,1616.9731,0.83205765,555.42487,1654.773,0.7469502,503.4706,1684.2537,0.71490765
2868,727.9565,1542.5852,0.4696906,682.4659,1585.0703,0.7092419,621.9651,1618.5308,0.83341306,556.87213,1653.1053,0.7717843,503.3905,1684.142,0.71920574
2869,730.1564,1541.2036,0.5486453,682.21564,1586.2013,0.708796,620.4748,1619.1681,0.8094075,555.5701,1655.1554,0.7337795,503.11496,1684.7562,0.71245223
2870,733.8104,1540.7156,0.58701324,681.29517,1586.8894,0.70459414,621.1973,1616.2747,0.8323302,556.2809,1653.3623,0.77993166,503.06662,1684.4851,0.70239323
2871,740.5927,1547.6128,0.50503385,680.31366,1588.395,0.7065059,621.30676,1616.838,0.8256918,555.82153,1653.6508,0.7794215,503.5906,1683.5311,0.70084184
2872,735.7096,1559.5631,0.54284436,678.65857,1589.1758,0.6775944,620.9201,1617.0063,0.8487021,556.9299,1652.871,0.8172948,503.55588,1683.4979,0.6827648
2873,730.7684,1561.5641,0.71091306,677.83673,1590.4431,0.68687236,621.09094,1617.675,0.8505544,556.87646,1653.1364,0.8604647,504.26434,1683.6,0.6710576
2874,726.1046,1561.2626,0.7677566,677.0583,1590.9313,0.6888298,620.5894,1617.4918,0.8322554,557.1037,1653.2151,0.8686662,503.8816,1683.6284,0.6739067
2875,723.8166,1560.6879,0.8503562,675.52966,1594.0427,0.72575605,621.6991,1619.2487,0.8186339,558.07324,1652.8341,0.91914475,504.01843,1683.295,0.6799454
2876,722.08453,1560.0535,0.72645086,675.446,1594.227,0.74386585,621.4214,1619.4857,0.81841,559.5399,1652.4747,0.94546574,503.92703,1682.5314,0.68514645
2877,722.7714,1562.1127,0.700978,676.2986,1594.2592,0.7587476,621.3001,1620.3649,0.8338237,558.0734,1652.8894,0.901315,503.59552,1682.9019,0.71537286
2878,722.40155,1561.5522,0.6178464,677.46344,1594.3574,0.77004987,621.462,1620.8987,0.8312681,557.7901,1653.039,0.8944465,503.4656,1682.5321,0.73214835
2879,721.9755,1562.1852,0.61495316,678.3726,1594.6658,0.7593259,621.19336,1622.2788,0.84770757,557.0338,1654.2115,0.83557695,502.3716,1682.3348,0.7641016
2880,721.74536,1562.5952,0.59737605,678.33685,1595.3586,0.7480291,621.9699,1623.7572,0.82344395,555.8069,1656.3618,0.77221,501.46555,1683.1991,0.77210486
2881,722.0129,1563.0132,0.57878727,678.3053,1596.3525,0.75103194,620.65857,1625.3972,0.8484261,554.6341,1656.6606,0.80526185,501.27148,1683.2134,0.78410643
2882,721.6426,1563.0356,0.51240015,678.5431,1595.951,0.7501576,622.05774,1625.0048,0.81703,554.48206,1657.0723,0.7962956,501.10437,1683.0101,0.7747435
2883,722.36804,1563.7579,0.44168502,677.79565,1596.7561,0.7557668,622.52563,1625.6171,0.8218913,554.8329,1656.8336,0.80197144,501.6413,1682.9131,0.7421348
2884,720.5863,1562.8641,0.38041914,677.38464,1596.6798,0.74413866,620.9158,1626.5873,0.8226362,553.9539,1658.6691,0.7949741,500.61874,1682.8553,0.7654535
2885,721.03503,1562.4121,0.37900853,677.98425,1596.3036,0.76148117,623.1207,1625.2118,0.8369605,553.6777,1658.9354,0.78959864,500.49002,1682.547,0.7642489
2886,721.3587,1561.1564,0.33476588,678.5041,1596.2386,0.76812446,623.0976,1625.2001,0.83613247,553.86487,1659.147,0.7787455,500.4468,1682.9999,0.7709712
2887,728.9029,1562.0564,0.36761072,680.54724,1596.7178,0.76815563,623.729,1624.7947,0.81623065,555.75916,1657.1476,0.8181008,501.38394,1682.8748,0.78027713
2888,724.51385,1559.0621,0.37436303,680.2988,1596.0654,0.77360535,623.72394,1624.9708,0.8110788,555.2568,1657.5745,0.81614465,500.88953,1683.3733,0.7970427
2889,726.6149,1559.7223,0.4259931,681.4205,1596.4104,0.75899816,622.89197,1625.8589,0.84353226,553.622,1658.219,0.8534854,499.53088,1682.8401,0.81765264
2890,726.061,1558.9003,0.42054525,681.65814,1596.8375,0.76549107,622.7979,1626.3981,0.85635114,552.7785,1658.4156,0.859406,499.48303,1683.1718,0.8255864
2891,725.0758,1559.9434,0.39058253,679.81573,1596.9943,0.77286345,621.348,1626.0289,0.81735027,554.16364,1658.3615,0.8342828,500.1904,1683.9812,0.82558966
2892,730.5895,1559.7445,0.40177244,682.1479,1596.5624,0.76712257,624.9987,1625.267,0.7823654,554.82556,1658.396,0.80550116,500.2136,1683.8293,0.82534355
2893,729.47974,1558.0706,0.4533375,683.3374,1597.3566,0.78746504,626.0173,1626.0422,0.7541364,555.3575,1659.6763,0.7957726,500.02823,1684.9504,0.8389082
2894,731.4585,1557.4962,0.5001806,683.97485,1597.5537,0.8046281,626.0672,1626.2017,0.76821727,554.5539,1659.0319,0.83630747,499.8681,1684.9481,0.8050695
2895,732.6476,1557.3243,0.5339393,684.4111,1597.4656,0.80555093,624.585,1626.2562,0.7682564,553.1671,1659.1676,0.86383253,498.1612,1684.2427,0.8021775
2896,733.4913,1556.542,0.57533413,683.6513,1596.2766,0.8108495,625.4872,1624.6515,0.7533389,552.2923,1658.426,0.8760931,498.963,1683.1615,0.8339147
2897,732.8627,1556.8367,0.58305836,684.54846,1597.2944,0.81047094,624.8216,1625.2678,0.80705625,555.1712,1658.5377,0.83143944,499.9641,1684.4541,0.8364481
2898,731.9347,1557.1622,0.56050366,683.7548,1596.2069,0.83247894,622.1349,1625.1682,0.80705625,554.3742,1657.9473,0.8369777,499.58054,1682.726,0.829293
2899,731.3699,1557.7075,0.5168819,683.4207,1596.3138,0.83535385,623.11414,1624.7518,0.80458593,553.9935,1658.889,0.8023159,500.14804,1683.6935,0.8086641
2900,733.37683,1558.2017,0.5001229,683.0616,1596.3839,0.8304988,625.247,1624.856,0.8281796,553.45984,1658.7479,0.82015216,500.06552,1683.4536,0.8160397
2901,734.0092,1557.7443,0.5131779,683.2951,1597.0446,0.83186036,624.9387,1624.6194,0.83933794,552.4903,1659.0348,0.8258444,499.22363,1683.2379,0.8034726
2902,737.3288,1558.0303,0.55528694,682.85345,1597.0122,0.8544645,624.9606,1624.0211,0.82165974,553.57684,1657.5466,0.8206901,498.75095,1683.3711,0.8016539
2903,735.8661,1558.9746,0.57887447,682.89014,1597.3583,0.85731816,624.6276,1624.025,0.8386213,551.78,1658.9395,0.82081395,498.92468,1683.332,0.81600106
2904,737.13824,1558.3083,0.5638642,682.55524,1597.2065,0.8729196,625.0122,1623.9082,0.8157425,552.987,1658.568,0.8003282,499.6406,1683.3887,0.7976953
2905,741.8281,1558.4427,0.561282,682.4366,1597.4857,0.8921637,624.73486,1624.1375,0.8402095,553.3304,1658.1128,0.8218787,500.22678,1682.9152,0.7988754
2906,743.1565,1561.1461,0.5959608,683.10803,1597.779,0.88261014,624.7264,1624.4883,0.82815087,552.9352,1657.8878,0.8231039,499.73587,1682.6693,0.7792288
2907,743.3429,1563.8989,0.6219752,683.1361,1597.9777,0.88799524,625.5775,1624.1996,0.8023503,553.97363,1657.6755,0.78742266,500.54013,1683.45,0.79192346
2908,743.83167,1566.1722,0.66195244,682.77405,1597.9119,0.88293564,625.5966,1623.8868,0.817699,553.79926,1657.8456,0.7742902,499.87415,1684.0104,0.7663439
2909,744.81506,1569.2684,0.68490916,682.3341,1597.8594,0.8700996,624.81775,1624.1172,0.8023659,552.5658,1657.2151,0.816676,498.85764,1683.1947,0.7891346
2910,744.7343,1570.9347,0.6884489,681.79553,1598.5641,0.8545334,625.05304,1624.8301,0.8455404,551.83997,1658.0879,0.8685091,498.3304,1683.6638,0.78969735
2911,743.9918,1572.5205,0.68073595,681.3781,1598.9067,0.85461026,625.721,1624.8364,0.85852164,553.0881,1657.7474,0.8416733,498.75812,1683.2805,0.7941181
2912,743.66174,1572.8228,0.7185124,681.16785,1599.0833,0.85115284,626.31903,1624.623,0.8515234,553.0929,1658.5117,0.8301736,498.8564,1683.2463,0.7945273
2913,742.27203,1573.313,0.8104693,681.112,1599.7689,0.8381611,626.60016,1625.0283,0.8353659,553.1998,1658.7865,0.80249715,498.9089,1682.985,0.80081207
2914,741.204,1573.7933,0.8758549,681.26044,1600.0223,0.8254838,626.2916,1624.7787,0.8565661,553.4505,1658.6719,0.79695815,499.12494,1682.871,0.7940256
2915,740.2803,1574.8741,0.90629345,681.2235,1600.2606,0.80275685,626.15497,1625.1217,0.8200975,552.59125,1659.0339,0.80703276,499.60284,1683.4182,0.7857799
2916,739.1779,1575.3795,0.93068117,681.25104,1600.3611,0.8159504,624.96924,1624.3634,0.78648657,553.55896,1657.8888,0.8295962,499.1514,1682.7948,0.7930367
2917,738.65765,1576.2592,0.8780627,679.16016,1601.973,0.80597526,626.2785,1625.2064,0.8179255,553.9968,1657.8071,0.8067414,499.4676,1683.173,0.7981505
2918,737.61084,1576.4385,0.88109946,679.4943,1601.7365,0.8034998,626.3356,1626.0381,0.83392465,553.3438,1657.9143,0.83624774,499.5101,1683.1981,0.7813535
2919,736.7032,1576.8958,0.8514569,679.54425,1602.4178,0.80294245,626.11194,1626.3354,0.8330419,552.8065,1658.0714,0.8485749,499.3954,1682.6206,0.77320856
2920,735.85443,1577.074,0.8132193,679.9046,1603.3657,0.7902965,625.2088,1627.2924,0.88115156,552.9327,1657.9753,0.832223,499.267,1682.6093,0.7820534
2921,736.3416,1577.8171,0.79380006,680.0898,1604.1694,0.8048277,624.3484,1627.4878,0.91064316,552.3653,1658.0553,0.8468763,498.85452,1682.717,0.76506734
2922,738.0073,1577.7552,0.7785638,680.23694,1604.2593,0.83857113,624.8138,1627.1436,0.9147061,553.34766,1657.9067,0.8323714,498.58716,1682.645,0.76594865
2923,738.89453,1579.2306,0.79550457,679.6124,1605.2688,0.831924,625.08044,1628.0638,0.9011866,551.2807,1658.2607,0.858835,497.90277,1682.461,0.78490454
2924,739.07745,1580.617,0.83912635,679.4143,1606.1034,0.8282973,624.9239,1628.5172,0.9043254,551.37067,1658.2817,0.86949784,497.4973,1682.8909,0.7995184
2925,739.8904,1581.9369,0.8533674,679.56866,1606.4429,0.8301923,624.2586,1628.9144,0.9192708,551.20984,1658.3513,0.86797714,497.15344,1683.0996,0.75301903
2926,741.0327,1583.5935,0.8806644,679.451,1607.169,0.824353,623.26306,1629.1123,0.9356088,551.3734,1658.4331,0.884644,496.98322,1683.4598,0.7732196
2927,741.7358,1584.9141,0.90242,679.4238,1607.8604,0.8200303,623.94836,1629.4601,0.91240543,549.83075,1659.0565,0.8712794,496.56302,1683.4229,0.7930953
2928,742.31537,1586.2299,0.92473525,678.2615,1607.8715,0.8251248,623.86194,1629.3407,0.9295465,550.1702,1659.0344,0.8389582,496.6803,1683.7823,0.8070671
2929,742.8654,1587.3188,0.92431116,680.17224,1607.991,0.81711227,623.93994,1629.4318,0.86648846,549.0482,1659.632,0.8229332,496.74078,1683.651,0.7961418
2930,743.3248,1588.7012,0.9206167,680.79565,1608.1271,0.8229895,625.31274,1629.3706,0.8722353,549.56793,1659.2395,0.8459523,496.1601,1683.8538,0.7989572
2931,743.9377,1589.2914,0.88767356,681.2273,1608.2551,0.8138212,625.46906,1629.9485,0.87768185,549.6908,1659.2637,0.85226953,495.68143,1683.9103,0.8005101
2932,745.7251,1590.3673,0.8527318,681.5149,1608.2192,0.81716293,626.72894,1630.0101,0.8464387,550.9164,1659.008,0.8526176,496.09998,1683.9292,0.8101436
2933,746.24756,1591.2103,0.8824657,681.20435,1608.7826,0.8046468,626.9219,1630.1898,0.8482137,549.801,1658.9846,0.8569958,495.9002,1683.7504,0.78116935
2934,747.18695,1592.3416,0.8872214,681.22217,1608.9994,0.8114817,626.3544,1630.0836,0.84442735,550.4513,1658.6763,0.85583884,495.8359,1683.5405,0.7694329
2935,747.7287,1593.99,0.8882696,681.0499,1609.2299,0.809612,626.7835,1629.5995,0.84987915,548.9844,1658.832,0.85679114,494.7265,1683.3243,0.7678136
2936,748.9332,1596.2535,0.8598016,680.84503,1609.5508,0.8017548,626.7753,1629.1023,0.85184896,551.46014,1657.9583,0.8495394,495.28354,1683.1859,0.7383028
2937,749.68964,1597.321,0.8173239,681.5438,1609.3828,0.8147733,627.70844,1628.3622,0.8441181,552.1058,1658.5365,0.84862936,494.9452,1682.9453,0.70700014
2938,750.0634,1598.077,0.78570354,682.4049,1609.453,0.8250223,628.01447,1627.5696,0.81729877,552.915,1658.0382,0.84397256,494.4609,1683.221,0.7022073
2939,749.37994,1599.2173,0.775918,681.466,1609.7365,0.84624606,627.7423,1627.2212,0.8297188,553.1604,1657.5714,0.8390461,494.41528,1682.5387,0.6951393
2940,750.37286,1600.2524,0.7969002,681.6766,1610.3899,0.8617341,626.34424,1628.2909,0.85043895,550.85944,1658.0155,0.8888437,493.7869,1682.0803,0.68671614
2941,751.18823,1601.5138,0.80917186,681.75287,1611.4818,0.856989,625.2978,1628.837,0.8908596,551.2421,1657.863,0.8874834,491.6976,1682.1537,0.6708861
2942,752.3974,1603.1715,0.7990459,681.9697,1612.1614,0.8799574,624.387,1629.5684,0.9035396,552.1708,1657.4625,0.86766875,493.84918,1681.5715,0.647448
2943,752.88043,1604.6293,0.7839532,681.58887,1612.4617,0.8888277,624.8843,1629.66,0.9139213,552.0547,1657.2002,0.86418605,493.7682,1681.5092,0.642173
2944,753.5919,1604.3032,0.79408336,681.8066,1612.3265,0.9160754,624.8475,1629.4019,0.8807663,551.568,1657.3785,0.86143434,493.47446,1681.0164,0.63679546
2945,754.26825,1605.0037,0.81358767,682.3273,1612.1354,0.9114496,627.4422,1628.7139,0.82858163,552.66473,1656.7405,0.8597004,493.57202,1680.6,0.63614625
2946,755.408,1605.5824,0.81911254,682.40314,1612.038,0.90270054,627.1274,1628.1315,0.8556086,553.3418,1654.1761,0.8576763,494.53503,1680.0413,0.6439005
2947,755.8785,1607.8856,0.8452081,682.10345,1612.217,0.883917,626.9206,1629.4148,0.8421383,551.94696,1656.2007,0.88566715,495.2513,1679.801,0.6737643
2948,756.37103,1609.2832,0.83228135,682.3587,1612.9271,0.8989516,625.8768,1628.4154,0.8722663,552.3049,1655.9564,0.8806503,496.06363,1679.3785,0.684273
2949,756.9755,1611.5076,0.82155925,682.55853,1613.1747,0.89843553,626.283,1627.923,0.88466865,552.43335,1655.4847,0.8747787,496.01172,1678.8525,0.69026375
2950,757.4678,1613.494,0.78652304,682.8048,1613.7822,0.88857716,626.0413,1627.9576,0.8738566,553.2556,1655.0708,0.8593541,496.4583,1678.678,0.68723035
2951,757.6165,1615.3807,0.7973253,683.0998,1614.2582,0.8817527,625.85693,1628.874,0.87895244,552.6446,1655.3812,0.8720543,495.91953,1678.8867,0.66550297
2952,757.8039,1616.1075,0.79246575,683.18964,1614.7168,0.8583233,626.68445,1628.7858,0.8983608,553.6729,1653.1647,0.85234284,496.47363,1678.9672,0.6476568
2953,757.86,1616.8295,0.7835603,683.6289,1615.5132,0.8568747,626.2669,1629.2881,0.91625243,554.36255,1653.241,0.8642897,496.3675,1679.3734,0.64075756
2954,757.4191,1617.6415,0.77836305,683.9383,1615.8273,0.8685182,626.3146,1629.3154,0.91735667,554.6229,1653.2109,0.88324565,492.59003,1680.1898,0.63298666
2955,756.53046,1618.3375,0.7772876,683.9295,1616.4648,0.88196695,626.48334,1628.9427,0.9135178,555.0227,1653.087,0.8818331,495.82907,1679.5581,0.6287296
2956,755.2313,1618.9222,0.7906154,683.11053,1617.5276,0.8892945,625.12006,1629.6973,0.91738904,554.29254,1653.4099,0.88645434,495.36737,1678.9998,0.6251539
2957,753.9153,1619.56,0.793127,682.7234,1617.8751,0.87850446,625.73804,1630.6295,0.89353544,552.90515,1653.6042,0.8791205,491.91888,1679.9829,0.63416916
2958,753.0342,1619.6587,0.7882905,681.708,1618.7943,0.86332166,625.1949,1631.934,0.87191296,551.8321,1655.5393,0.89144754,491.2861,1680.0055,0.6475598
2959,752.69635,1619.67,0.7983175,681.6231,1618.9121,0.8431224,625.8195,1632.0607,0.8680321,551.9194,1655.5928,0.90008307,490.99002,1679.8646,0.6452426
2960,752.38354,1619.6873,0.78348446,680.955,1619.2524,0.8332947,625.6299,1631.8799,0.8886867,551.84033,1655.7589,0.917693,492.35007,1679.4298,0.6857312
2961,751.2576,1619.418,0.77388656,680.26245,1619.4912,0.8155699,624.4204,1632.3683,0.9117499,552.32764,1656.2585,0.91136307,492.36575,1679.778,0.6785579
2962,749.95166,1619.497,0.7559404,680.0524,1619.7245,0.7918624,624.1963,1632.8243,0.89736575,551.496,1656.8447,0.89698106,492.30447,1680.4922,0.7005164
2963,749.86444,1617.9844,0.7468022,679.6646,1619.822,0.78464,623.738,1633.0648,0.9089586,551.94586,1656.9192,0.89210594,493.24857,1680.5072,0.7003582
2964,749.44476,1617.607,0.7613399,678.2189,1620.748,0.7869521,625.2417,1633.9299,0.8678801,552.99524,1656.5247,0.8535685,492.452,1682.5916,0.73983335
2965,749.4616,1615.4348,0.78063226,679.18726,1619.1638,0.791938,624.921,1633.1941,0.90760356,552.8591,1656.0121,0.8490016,492.51077,1681.858,0.7228794
2966,749.2714,1614.2773,0.77914786,678.7343,1618.3434,0.80095863,624.79126,1632.7764,0.8999262,552.7921,1655.965,0.83761954,492.23352,1681.7404,0.71496296
2967,748.1322,1614.7167,0.7999515,677.8203,1618.3796,0.8027336,625.0927,1632.619,0.906736,553.42444,1656.048,0.8375762,492.92862,1681.7772,0.69648015
2968,747.39484,1613.5284,0.8419043,677.7184,1617.874,0.800764,625.4936,1632.9573,0.91342443,555.02655,1655.7357,0.82628787,493.2313,1681.9479,0.6883544
2969,745.8738,1611.5142,0.9261553,677.94476,1616.6539,0.7770327,624.5516,1632.8022,0.9188828,553.6517,1656.2833,0.8162249,492.74744,1681.9979,0.687578
2970,744.43964,1608.9382,0.9663682,677.50946,1617.5327,0.7695615,622.889,1632.9653,0.9123298,551.51013,1658.4481,0.84578496,493.32758,1681.8854,0.679246
