day,uroa_control,start_y_from_led,trajectory_angle,y_mag,y_up
1,1,-226.11932,48.97734864209368,20.03614399999998,66.38655462184875
1,1,-230.87733,98.52946614849743,137.92955200000006,91.66666666666667
1,1,-213.24283,56.991431538980436,119.8227,79.83193277310924
1,1,-178.57547,105.71143534965458,8.25719799999996,6.0344827586206895
1,1,-306.15125,110.80426874164246,203.85066199999994,97.5
1,1,-224.4883,125.20880894296202,57.57395200000002,56.666666666666664
1,1,-318.9657,56.71397577930074,72.68881199999987,99.15966386554622
1,1,-266.85757,360.0,0.0,0.0
1,1,-145.64134,95.67702694748188,32.99010133333326,30.833333333333332
1,1,-289.2449,158.06171982034837,2.6491700000000264,78.33333333333333
1,1,-206.92215,54.423365335114696,45.34172200000006,37.81512605042017
1,1,-369.9417,85.91282247760286,17.02687400000002,95.0
1,1,-388.34204,152.32376414939378,9.596071999999992,26.666666666666668
1,1,-150.27824,119.96835970675313,40.30297999999999,99.16666666666667
1,1,-186.82669,107.73697561129305,27.707108000000062,99.15966386554622
1,1,-161.63441,92.28101206511522,17.05915600000003,45.833333333333336
1,1,-299.87677,101.1564477573872,28.16869600000001,90.0
1,1,-190.80072,89.86884464029191,127.51754,80.83333333333333
1,1,-386.7077,116.30802050612242,36.292478000000074,95.86776859504133
1,1,-308.06238,142.65681789788195,0.9685249999999996,0.8333333333333334
1,1,-171.1786,76.2741392709563,64.26961149999994,24.166666666666668
1,1,-423.98804,157.47440988336075,20.051231999999914,69.66292134831461
1,1,-94.041626,53.12106660552591,32.40208000000001,13.333333333333334
1,1,-118.43634,25.67125280459265,44.2516783333333,29.166666666666668
1,1,-96.93248,360.0,0.0,0.0
4,1,-114.729965,142.61132306959922,16.20611999999997,38.93805309734513
4,1,-234.74678,96.49806597239484,3.4047133333333477,44.166666666666664
4,1,-324.46786,90.5010546553342,71.84674000000012,99.14529914529915
4,1,-66.80928,118.17978196160422,5.294460000000015,47.863247863247864
4,1,-278.34674,115.31272220365037,1.0728259999999636,70.83333333333333
4,1,-224.60687,67.89960026544867,39.01075499999999,25.423728813559322
4,1,-268.3338,79.95252978354809,68.95076799999993,99.15254237288136
4,1,-235.28937,57.63203112876877,85.75853000000001,98.33333333333333
4,1,-293.24625,55.295016653717184,48.806647999999996,99.16666666666667
4,1,-156.1581,37.309697888216185,76.2650975,19.166666666666668
4,1,-79.74425,360.0,0.0,0.0
4,1,-209.45903,89.74174646459635,13.405496000000028,91.66666666666667
4,1,-203.00304,360.0,0.0,0.0
4,1,-102.19859,17.250938349965907,16.155894000000046,72.5
4,1,-295.07666,98.25812514147583,58.723254499999996,99.14529914529915
4,1,-278.24506,112.29976412972736,83.48804899999999,95.0
4,1,-109.865036,9.095849487549742,4.919997999999964,0.8403361344537815
4,1,-362.2893,95.63214855182044,82.59848842000002,26.666666666666668
4,1,-311.94604,148.5080940613304,32.82021000000003,97.5
4,1,-131.75638,360.0,0.0,0.0
4,1,-269.0229,51.87631701011199,0.055093999999940024,1.6666666666666667
4,1,-122.32886,77.50508888180525,42.890262000000064,99.15254237288136
4,1,-278.58865,115.6268098208068,3.892967999999996,99.16666666666667
3,1,-346.4912,33.48181384405362,58.19723899999991,98.33333333333333
3,1,-329.41223,100.79044214203279,190.04743000000002,93.33333333333333
3,1,-297.70105,84.09536534850514,97.52414133333332,93.27731092436974
3,1,-228.80939,72.65248287481715,68.287216,58.333333333333336
3,1,-69.335175,107.89815356363788,9.149727999999925,29.166666666666668
3,1,-247.64975,26.83184217142411,4.702944000000002,50.833333333333336
3,1,-234.41586,17.277097737642826,15.934694666666644,5.833333333333333
3,1,-320.4184,46.73167149052273,5.979269999999985,82.5
3,1,-167.8356,0.7634958040121057,0.2791300000000092,0.8403361344537815
3,1,-321.55948,360.0,0.0,0.0
3,1,-375.9427,134.56081912746757,36.312347000000045,71.90082644628099
3,1,-325.19708,63.09454945232583,388.43300000000005,73.33333333333333
3,1,-131.12558,360.0,0.0,0.0
3,1,-128.13686,171.56487184077187,5.445547999999974,95.0
3,1,-233.07257,92.9871476352514,142.50684666666655,24.369747899159663
3,1,-273.80563,74.4215063505838,65.12622399999998,36.206896551724135
3,1,-274.2693,66.44686570196062,64.52938999999998,97.5
3,1,-186.7597,45.739431603884015,180.24196749999996,47.5
3,1,-339.30273,68.26771071410164,152.13758000000007,94.16666666666667
3,1,-271.56946,96.85876794186359,178.37036800000004,99.15254237288136
3,1,-249.25607,92.17477297076461,172.11896400000006,73.55371900826447
2,1,-298.0006,79.82665094940486,155.11890199999993,96.66666666666667
2,1,-232.14552,67.81003682166357,63.536518000000115,91.59663865546219
2,1,-177.77783,84.86385057099702,86.49557999999996,98.98989898989899
2,1,-131.48083,360.0,0.0,0.0
2,1,-194.67682,153.25133816784765,20.913675999999953,5.833333333333333
2,1,-295.23996,35.21729710662178,0.23614400000002433,5.0
2,1,-379.18253,50.59318456749385,14.92627200000004,99.16666666666667
2,1,-202.01094,102.17038724013672,173.1427880666667,41.666666666666664
2,1,-388.59805,82.94160335973815,63.023686,95.86776859504133
2,1,-251.63432,153.31877387202329,33.03518666666662,10.084033613445378
2,1,-242.17755,144.74984826988825,2.1864360000000147,91.52542372881356
2,1,-165.78142,72.60813541359363,41.08375399999994,21.008403361344538
2,1,-304.3814,35.14913498105204,6.060355999999956,43.58974358974359
2,1,-373.63617,151.27072152437322,14.604874000000052,76.66666666666667
2,1,-144.56186,360.0,0.0,0.0
2,1,-218.522,50.59428428512804,202.70975199999998,98.33333333333333
2,1,-400.31604,109.8225149818802,82.17674599999992,96.93877551020408
2,1,-143.06541,155.74477592378514,16.932564000000013,41.666666666666664
2,1,-182.4913,63.148328987785156,10.815901999999994,50.0
2,1,-323.6018,54.34042429915265,207.09626200000002,40.833333333333336
2,1,-281.48068,87.27135353129606,224.03084322,99.16666666666667
2,1,-233.78412,28.828587784500385,61.389677500000005,0.847457627118644
2,1,-273.47427,64.74221874073,37.087993999999924,96.66666666666667
2,1,-156.7139,121.69812363990786,102.26918733333335,98.33333333333333
5,1,-94.58223,130.50595280207355,0.6413739999999848,7.5
5,1,-427.27283,58.09362374653063,99.1001,99.17355371900827
1,0,-204.24875,161.79466068765075,16.817023999999947,71.66666666666667
1,0,-90.66252,66.47210599968993,9.173815000000019,2.0
1,0,-215.09895,131.16836038058003,30.10169000000002,14.166666666666666
1,0,-297.54764,169.3848031034139,16.723356000000024,97.5
1,0,-150.8728,92.95681218527152,70.18871999999999,55.833333333333336
1,0,-330.20062,84.45369467340304,63.314407999999844,30.508474576271187
1,0,-165.14867,140.04352858470452,12.64282049999997,31.666666666666668
1,0,-199.36087,94.7998361337905,114.66102749999996,96.66666666666667
1,0,-117.18759,75.58617693045268,34.29417000000001,29.166666666666668
1,0,-180.19516,121.92602528929265,14.119815999999958,95.0
1,0,-238.23734,105.55179812643486,63.94057600000002,80.83333333333333
1,0,-273.26837,61.477309729320645,2.222409999999968,11.864406779661017
1,0,-97.2341,56.653785241386,34.185419333333414,45.0
1,0,-272.6615,127.85604241507818,6.080959999999948,54.166666666666664
1,0,-214.0146,360.0,0.0,0.0
1,0,-311.17612,360.0,0.0,0.0
1,0,-303.21393,82.95479342018237,62.73637000000002,71.66666666666667
1,0,-86.67076,34.626330165226705,42.34553583333337,73.10924369747899
1,0,-236.26797,60.22019707010132,120.96233799999993,68.0672268907563
1,0,-166.94887,163.81784681063093,2.498771999999974,50.833333333333336
1,0,-261.77795,57.340180971408515,62.957314,99.15966386554622
1,0,-217.85269,141.6810335259972,36.864611999999966,70.83333333333333
1,0,-225.89053,158.3610292554185,12.885404499999993,6.779661016949152
1,0,-283.63025,115.22863583150861,38.44595000000004,87.06896551724138
4,0,-281.56805,24.352434345299084,47.34908799999994,6.779661016949152
4,0,-266.563,96.77191269048045,71.66185800000005,99.15254237288136
4,0,-145.18948,74.6574001150454,69.82310249999998,98.34710743801652
4,0,-295.34158,153.27583360567058,0.7558099999999399,26.470588235294116
4,0,-330.98938,53.13452173439584,140.81144799999998,65.54621848739495
4,0,-302.2182,64.12143063606295,4.528381999999965,25.833333333333332
4,0,-136.30028,360.0,0.0,0.0
4,0,-273.63754,113.67677647501355,10.230884666666668,54.166666666666664
4,0,-259.36682,8.417764639697591,5.003047999999978,3.3333333333333335
4,0,-163.32494,111.08063515778176,48.792595999999975,94.11764705882354
4,0,-198.10371,126.07120227299748,39.46719749999994,3.6363636363636362
4,0,-234.08902,51.03841580991844,39.92003949999997,24.166666666666668
4,0,-156.99126,62.486052154321406,158.70117505000002,50.42016806722689
4,0,-240.62297,93.31981757191299,44.117568500000004,79.83193277310924
4,0,-191.40906,360.0,0.0,0.0
4,0,-291.69037,155.960826568964,34.355526,63.63636363636363
4,0,-143.35878,2.1181221498742584,0.02182999999996582,0.8333333333333334
4,0,-246.28665,90.58045297096962,112.00072499999999,31.333333333333332
4,0,-237.73747,99.12698126743189,37.01413000000002,89.16666666666667
4,0,-237.83537,89.22778309086041,95.02413799999994,75.83333333333333
4,0,-272.31863,360.0,0.0,0.0
4,0,-175.49756,78.25700512319173,63.48414200000002,99.04761904761905
4,0,-256.8812,64.51804083875875,7.376516000000038,85.0
3,0,-313.50302,77.42443004870836,208.1863673333333,99.16666666666667
3,0,-285.32568,84.48008048031268,306.8822850000001,95.83333333333333
3,0,-225.10535,109.30391246437613,4.23143199999987,95.83333333333333
3,0,-232.16174,22.87088317261294,13.754167999999993,36.666666666666664
3,0,-314.44507,101.76136269443334,87.91722399999998,84.16666666666667
3,0,-286.39215,43.52141351700122,112.33613800000006,41.666666666666664
3,0,-283.0227,51.837922002463834,31.719105999999897,93.33333333333333
3,0,-265.0605,71.34542115236897,13.589530000000025,90.83333333333333
3,0,-209.96378,158.69045690714438,11.602698000000032,44.827586206896555
3,0,-186.40776,57.18133647123536,57.426229333333254,90.67796610169492
3,0,-216.48486,61.01218694523482,39.181227999999976,90.83333333333333
3,0,-86.21852,79.5654165147418,7.272534000000036,97.5
3,0,-224.52391,82.94933978215562,121.25047,96.66666666666667
3,0,-267.5218,43.77650898990857,28.001431999999966,90.75630252100841
3,0,-312.16486,133.19757762104882,20.407210000000077,99.16666666666667
3,0,-224.42961,147.6533475444715,22.533522000000062,18.333333333333332
3,0,-249.61601,57.78160494950661,28.427961999999923,99.15966386554622
3,0,-220.24419,360.0,0.0,0.0
3,0,-320.72852,20.48203072892815,0.5027519999999868,4.166666666666667
3,0,-278.28247,93.86394305639828,29.060887999999977,74.16666666666667
3,0,-309.98157,46.47796432451571,31.89950399999998,84.66666666666667
3,0,-308.04395,107.84789058227915,0.7342839999999455,22.31404958677686
3,0,-271.3474,112.40908658677365,61.52675400000004,86.66666666666667
2,0,-337.20917,45.048663813667496,1.2054819999999609,98.31932773109244
2,0,-354.26572,67.14428560654723,131.36907733333345,60.0
2,0,-252.15376,72.10817366510861,40.25794500000001,60.833333333333336
2,0,-217.59265,60.34892659128022,62.73211599999996,99.16666666666667
2,0,-194.33113,84.64921479619268,87.27177799999998,96.66666666666667
2,0,-232.62042,60.69383297576144,107.13774699999993,10.084033613445378
2,0,-229.17052,129.75876967040475,5.47143600000004,7.5
2,0,-155.85732,81.31369025760475,146.75493291666663,23.333333333333332
2,0,-402.40927,150.96271423064402,1.1506774999999152,87.39495798319328
2,0,-131.15367,71.02987964411463,14.104747999999972,44.166666666666664
2,0,-236.12811,169.5075955832105,4.47171400000002,3.896103896103896
2,0,-280.9057,110.92248782580535,82.11981399999996,71.66666666666667
2,0,-242.50984,126.82390118669198,16.991405999999984,99.16666666666667
2,0,-72.98755,55.917017281662154,74.90905952500003,44.166666666666664
2,0,-333.88934,80.12893251180736,56.77729000000011,36.666666666666664
2,0,-247.2355,10.25180635220714,4.847619999999949,5.833333333333333
2,0,-301.40698,115.17232552300959,79.43185999999986,90.83333333333333
2,0,-250.68799,124.85923695097249,57.468498000000125,95.7983193277311
2,0,-217.74658,81.80465834467317,51.139385999999945,98.33333333333333
2,0,-214.94786,10.656684731276533,1.276329999999973,12.5
2,0,-230.84018,13.418474430126661,9.35895650000009,11.403508771929825
2,0,-384.5915,97.49549226457789,12.055759999999964,98.66666666666667
2,0,-81.97795,166.72840100038496,4.796180000000021,69.16666666666667
2,0,-196.69893,63.898332938934324,117.20030066666664,99.16666666666667
5,0,-151.74712,120.18686616636727,3.598885999999993,12.605042016806722
