name,start time(s),end time(s),start frame,end frame,x,y
d48_70_M1.mp4,59.89,64.86,1796.0,1945.0,418,833
d48_37_M1.mp4,88.25,93.26,2646.0,2796.0,489,817
d48_44_M1.mp4,89.22,94.19,2675.0,2824.0,432,842
d48_44_M1.mp4,149.22,154.19,4473.0,4622.0,432,842
d48_85_M1.mp4,60.13,65.10,1803.0,1952.0,420,696
d48_23_M1.mp4,117.55,122.52,3524.0,3673.0,461,517
d48_76_M1.mp4,58.79,63.76,1763.0,1912.0,466,767
d48_66_M1.mp4,58.83,63.80,1764.0,1913.0,391,754
d48_55_M1.mp4,59.13,64.13,1773.0,1923.0,426,806
d48_47_M1.mp4,90.26,94.09,2706.0,2821.0,516,708
d48_63_M1.mp4,60.53,65.50,1815.0,1964.0,546,896
d48_26_M1.mp4,85.69,90.66,2569.0,2718.0,407,532
d48_49_M1.mp4,60.43,65.33,1812.0,1959.0,420,929
d48_43_M1.mp4,91.19,96.10,2734.0,2881.0,417,760
d48_83_Sun1.mp4,34.53,39.44,1036.0,1183.0,424,467
d48_66_S1.mp4,62.03,67.00,1860.0,2009.0,447,812
d48_52_S1.mp4,89.76,94.63,2691.0,2837.0,439,666
d48_23_S1.mp4,89.26,94.23,2676.0,2825.0,487,691
d48_35_S1.mp4,88.29,94.43,2647.0,2831.0,260,536
d48_76_Sun1.mp4,34.23,39.24,1027.0,1177.0,408,542
d48_85_Sun1.mp4,34.73,39.67,1042.0,1190.0,388,515
d48_37_S1.mp4,88.39,93.39,2650.0,2800.0,486,553
d48_58_S1.mp4,90.29,95.26,2707.0,2856.0,441,518
d48_26_S1.mp4,88.35,93.36,2649.0,2799.0,334,694
d48_55_S1.mp4,91.09,96.06,2731.0,2880.0,452,488
d48_63_S1.mp4,89.96,94.96,2697.0,2847.0,467,542
d48_63_S1.mp4,177.38,179.88,5317.0,5392.0,467,542
d48_76_Sat1.mp4,38.81,43.81,1164.0,1314.0,413,488
d48_77_Sat1.mp4,30.20,35.17,906.0,1055.0,390,556
d48_66_F1.mp4,60.09,65.06,1802.0,1951.0,438,743
d48_23_F1.mp4,87.45,92.43,2622.0,2771.0,454,722
d48_48_F1.mp4,85.55,90.52,2565.0,2714.0,474,349
d48_48_F1.mp4,97.30,100.10,2917.0,3001.0,474,349
d48_83_Sat1.mp4,30.66,35.60,920.0,1068.0,452,553
d48_35_F1.mp4,87.79,92.76,2632.0,2781.0,322,570
d48_44_F1.mp4,88.79,93.76,2662.0,2811.0,666,594
d48_58_F1.mp4,61.16,66.17,1834.0,1984.0,406,778
d48_37_F1.mp4,89.16,93.99,2673.0,2818.0,519,587
d48_43_F1.mp4,89.22,92.99,2675.0,2788.0,359,552
d48_49_F1.mp4,85.42,90.42,2561.0,2711.0,504,556
d48_26_F1.mp4,89.09,94.06,2671.0,2820.0,383,715
d48_47_F1.mp4,78.48,83.42,2353.0,2501.0,201,215
d48_55_F1.mp4,60.23,65.23,1806.0,1956.0,386,742
d48_35_T1.mp4,64.43,69.34,1932.0,2079.0,326,746
d48_85_Thu1.mp4,30.43,35.40,913.0,1062.0,413,722
d48_76_Thu1.mp4,30.43,35.44,913.0,1063.0,413,672
d48_77_Thu1.mp4,30.50,35.47,915.0,1064.0,327,597
d48_63_T1.mp4,62.20,67.17,1865.0,2014.0,545,862
d48_55_T1.mp4,60.26,65.23,1807.0,1956.0,384,780
d48_80_Thu1.mp4,30.43,35.40,913.0,1062.0,484,764
d48_26_T1.mp4,88.42,93.39,2651.0,2800.0,364,494
d48_62_M1.mp4,60.33,65.33,1809.0,1959.0,501,886
d48_25_M1.mp4,105.27,110.24,3156.0,3305.0,378,663
d48_46_M1.mp4,149.78,154.65,4490.0,4636.0,385,767
d48_39_M1.mp4,89.32,94.29,2678.0,2827.0,524,753
d48_27_M1.mp4,89.52,94.49,2684.0,2833.0,479,451
d48_40_M1.mp4,86.89,91.79,2605.0,2752.0,291,771
d48_40_M1.mp4,146.85,151.75,4402.0,4549.0,291,771
d48_50_M1.mp4,89.22,94.23,2675.0,2825.0,579,864
d48_36_M1.mp4,88.59,93.56,2656.0,2805.0,385,742
d48_24_M1.mp4,101.40,106.41,3040.0,3190.0,367,605
d48_63_M1.mp4,60.53,65.50,1815.0,1964.0,546,896
d48_38_M1.mp4,89.96,94.93,2697.0,2846.0,444,699
d48_34_M1.mp4,90.42,95.40,2711.0,2860.0,502,710
d48_73_M1.mp4,60.06,65.03,1801.0,1950.0,467,772
d48_41_M1.mp4,88.99,93.96,2668.0,2817.0,390,797
d48_75_M1.mp4,59.86,64.83,1795.0,1944.0,442,775
d48_51_M1.mp4,59.93,64.86,1797.0,1945.0,407,768
d48_33_S1.mp4,89.59,94.56,2686.0,2835.0,457,660
d48_82_Sun1.mp4,31.26,36.24,938.0,1087.0,680,570
d48_74_S1.mp4,61.80,66.77,1853.0,2002.0,492,735
d48_40_S1.mp4,84.78,89.76,2542.0,2691.0,297,710
d48_60_S1.mp4,90.12,95.09,2702.0,2851.0,426,597
d48_27_S1.mp4,88.22,93.19,2645.0,2794.0,458,254
d48_39_S1.mp4,88.96,93.63,2667.0,2807.0,534,733
d48_56_S1.mp4,89.66,94.63,2688.0,2837.0,385,386
d48_62_S1.mp4,91.06,96.03,2730.0,2879.0,464,501
d48_54_S1.mp4,90.96,95.93,2727.0,2876.0,306,373
d48_84_Sun1.mp4,34.30,39.31,1029.0,1179.0,492,465
d48_25_S1.mp4,88.19,93.16,2644.0,2793.0,339,708
d48_75_S1.mp4,59.43,64.36,1782.0,1930.0,485,748
d48_78_Sun1.mp4,34.33,39.31,1030.0,1179.0,449,592
d48_79_Sun1.mp4,33.90,38.91,1017.0,1167.0,333,504
d48_81_Sun1.mp4,32.93,37.90,988.0,1137.0,350,588
d48_38_S1.mp4,88.39,93.39,2650.0,2800.0,468,683
d48_38_S1.mp4,148.38,153.39,4448.0,4598.0,468,683
d48_57_S1.mp4,90.29,95.26,2707.0,2856.0,612,451
d48_57_S1.mp4,150.28,155.26,4505.0,4654.0,612,451
d48_36_S1.mp4,89.36,94.29,2679.0,2827.0,339,477
d48_63_S1.mp4,89.96,94.96,2697.0,2847.0,467,542
d48_63_S1.mp4,177.38,179.88,5317.0,5392.0,467,542
d48_74_F1.mp4,58.79,63.73,1763.0,1911.0,511,705
d48_33_F1.mp4,88.69,93.69,2659.0,2809.0,471,540
d48_84_Sat1.mp4,33.33,38.30,1000.0,1149.0,511,525
d48_82_Sat1.mp4,28.46,33.43,854.0,1003.0,702,637
d48_39_F1.mp4,87.09,91.99,2611.0,2758.0,529,647
d48_54_F1.mp4,43.91,48.88,1317.0,1466.0,347,727
d48_62_F1.mp4,60.36,65.37,1810.0,1960.0,404,807
d48_51_F1.mp4,60.13,65.10,1803.0,1952.0,387,777
d48_41_F1.mp4,88.42,92.23,2651.0,2765.0,282,632
d48_78_Sat1.mp4,33.37,38.37,1001.0,1151.0,423,528
d48_79_Sat1.mp4,20.85,25.86,626.0,776.0,336,531
d48_57_F1.mp4,60.59,65.57,1817.0,1966.0,541,788
d48_34_F1.mp4,88.76,93.73,2661.0,2810.0,495,547
d48_38_F1.mp4,88.42,93.43,2651.0,2801.0,444,567
d48_45_F1.mp4,87.89,92.86,2635.0,2784.0,450,504
d48_36_F1.mp4,88.96,93.93,2667.0,2816.0,304,565
d48_81_Sat1.mp4,31.06,36.00,932.0,1080.0,378,616
d48_82_Thu1.mp4,31.93,35.64,958.0,1069.0,671,803
d48_84_Thu1.mp4,30.46,35.44,914.0,1063.0,461,734
d48_50_T1.mp4,89.09,94.06,2671.0,2820.0,543,813
d48_63_T1.mp4,62.20,67.17,1865.0,2014.0,545,862
d48_24_T1.mp4,88.72,93.63,2660.0,2807.0,493,645
d48_36_T1.mp4,89.52,94.19,2684.0,2824.0,379,682
d48_78_Thu1.mp4,30.63,35.64,919.0,1069.0,472,708
d48_79_Thu1.mp4,30.43,35.44,913.0,1063.0,335,714
d48_34_T1.mp4,89.39,94.39,2680.0,2830.0,518,680
d48_41_S1.mp4,76.18,81.15,2284.0,2433.0,354,694
d48_38_T1.mp4,88.96,93.93,2667.0,2816.0,471,748
d48_51_T1.mp4,60.13,65.10,1803.0,1952.0,391,813
d48_58_M1.mp4,61.06,66.00,1831.0,1979.0,449,798
d48_83_M1.mp4,60.09,65.00,1802.0,1949.0,498,728
d48_72_M1.mp4,59.33,64.30,1779.0,1928.0,624,786
d48_48_M1.mp4,89.56,94.49,2685.0,2833.0,478,786
d48_35_M1.mp4,89.32,94.29,2678.0,2827.0,388,779
d48_52_M1.mp4,60.69,65.67,1820.0,1969.0,402,769
d48_42_M1.mp4,90.22,95.20,2705.0,2854.0,396,788
d48_71_M1.mp4,59.06,63.96,1771.0,1918.0,372,748
d48_80_M1.mp4,59.46,64.43,1783.0,1932.0,432,857
d48_77_M1.mp4,60.23,65.17,1806.0,1954.0,422,791
d48_53_M1.mp4,59.99,64.93,1799.0,1947.0,329,780
d48_42_S1.mp4,77.24,82.15,2316.0,2463.0,410,716
d48_64_S1.mp4,90.72,95.70,2720.0,2869.0,525,633
d48_48_S1.mp4,88.96,93.93,2667.0,2816.0,455,710
d48_77_Sun1.mp4,33.83,38.81,1015.0,1164.0,426,593
d48_70_S1.mp4,59.66,64.63,1789.0,1938.0,441,782
d48_43_S1.mp4,88.49,93.36,2653.0,2799.0,339,699
d48_43_S1.mp4,148.55,153.19,4453.0,4592.0,339,699
d48_69_S1.mp4,62.50,67.43,1874.0,2022.0,317,713
d48_49_S1.mp4,88.59,93.56,2656.0,2805.0,513,736
d48_71_S1.mp4,60.36,65.27,1810.0,1957.0,428,797
d48_52_F1.mp4,60.46,65.43,1813.0,1962.0,428,785
d48_70_F1.mp4,59.96,64.93,1798.0,1947.0,443,790
d48_53_F1.mp4,60.33,65.00,1809.0,1949.0,312,746
d48_63_F1.mp4,60.93,65.90,1827.0,1976.0,448,854
d48_70_T1.mp4,60.03,64.93,1800.0,1947.0,402,837
d48_48_T1.mp4,89.56,94.49,2685.0,2833.0,481,730
d48_44_T1.mp4,89.09,94.06,2671.0,2820.0,447,870
d48_44_T1.mp4,149.08,154.05,4469.0,4618.0,447,870
d48_83_Thu1.mp4,30.56,35.54,917.0,1066.0,473,757
d48_52_T1.mp4,59.73,64.63,1791.0,1938.0,400,801
d48_66_T1.mp4,58.22,63.20,1746.0,1895.0,404,799
d48_42_T1.mp4,89.12,94.06,2672.0,2820.0,375,774
d48_49_T1.mp4,110.14,116.45,3302.0,3491.0,75,1468
d48_53_T1.mp4,60.46,65.30,1813.0,1958.0,331,729
d48_54_M1.mp4,60.03,65.03,1800.0,1950.0,351,782
d48_81_M1.mp4,60.09,63.83,1802.0,1914.0,418,802
d48_60_M1.mp4,60.59,65.50,1817.0,1964.0,480,829
d48_74_M1.mp4,59.56,64.53,1786.0,1935.0,414,732
d48_82_M1.mp4,60.16,65.06,1804.0,1951.0,641,826
d48_59_M1.mp4,60.76,65.77,1822.0,1972.0,488,772
d48_57_M1.mp4,60.86,65.83,1825.0,1974.0,763,771
d48_84_M1.mp4,59.69,64.66,1790.0,1939.0,487,715
d48_67_M1.mp4,60.09,65.10,1802.0,1952.0,429,749
d48_79_M1.mp4,59.33,64.30,1779.0,1928.0,291,794
d48_46_S1.mp4,89.02,93.83,2669.0,2813.0,380,750
d48_67_S1.mp4,62.40,67.27,1871.0,2017.0,413,826
d48_45_S1.mp4,87.09,92.06,2611.0,2760.0,465,748
d48_41_T1.mp4,89.79,94.73,2692.0,2840.0,358,748
d48_73_S1.mp4,59.89,64.73,1796.0,1941.0,477,761
d48_40_F1.mp4,88.35,93.19,2649.0,2794.0,302,650
d48_56_F1.mp4,62.40,67.23,1871.0,2016.0,360,753
d48_27_F1.mp4,90.19,95.16,2704.0,2853.0,522,807
d48_25_F1.mp4,111.64,116.55,3347.0,3494.0,379,759
d48_75_F1.mp4,59.39,64.36,1781.0,1930.0,391,721
d48_67_F1.mp4,69.74,74.71,2091.0,2240.0,388,734
d48_73_F1.mp4,59.79,64.66,1793.0,1939.0,460,726
d48_24_F1.mp4,90.76,95.66,2721.0,2868.0,589,740
d48_25_T1.mp4,87.39,92.23,2620.0,2765.0,496,562
d48_25_T1.mp4,146.41,151.32,4389.0,4536.0,496,562
d48_46_T1.mp4,83.08,88.05,2491.0,2640.0,378,774
d48_54_T1.mp4,60.09,65.03,1802.0,1950.0,414,737
d48_62_T1.mp4,62.70,67.63,1880.0,2028.0,512,873
d48_39_T1.mp4,90.26,94.66,2706.0,2838.0,546,795
d48_27_T1.mp4,88.46,93.43,2652.0,2801.0,384,514
d48_60_T1.mp4,65.77,70.67,1972.0,2119.0,494,825
d48_40_T1.mp4,89.09,93.93,2671.0,2816.0,288,718
d48_59_T1.mp4,63.20,68.13,1895.0,2043.0,513,769
d48_81_Thu1.mp4,30.30,35.27,909.0,1058.0,435,774
d48_73_T1.mp4,58.12,63.00,1743.0,1889.0,444,751
d48_57_T1.mp4,63.03,68.00,1890.0,2039.0,768,787
d48_75_T1.mp4,58.99,63.96,1769.0,1918.0,434,850
