Frames,Tail_X,Tail_Y,Tail_L,Body1_X,Body1_Y,Body1_L,Body2_X,Body2_Y,Body2_L,Body3_X,Body3_Y,Body3_L,Head_X,Head_Y,Head_L,Tail_dist,Body1_dist,Body2_dist,Body3_dist,Head_dist,avg_dist_vel,jittery,distance_surface,avg_acc,angle
2797.0,69.782745,-508.85162,1.0,83.601654,-504.31488,0.49923205,100.74179,-510.77972,0.2638028,88.66452,-506.30957,0.29506972,100.791985,-508.8736,0.4217017,,,,,,,0,-301.10587,,359.9594011232257
2798.0,69.91988,-508.85162,1.0,83.601654,-504.45096,0.50089914,100.75038,-510.77972,0.24008128,88.66452,-506.4461,0.27451715,100.867584,-508.8369,0.38878933,0.13713837,0.13607788,0.008590698,0.13653564,0.08402909,0.1154243,0,-301.15305,3.4627287,0.027232736349105835
2799.0,69.91988,-508.7618,1.0,83.890495,-504.50925,0.49802008,100.75038,-510.71027,0.22486702,88.66452,-506.6467,0.27606425,100.867584,-508.64813,0.3879662,0.08981323,0.29466394,0.06945801,0.20059204,0.18878174,0.15953541,0,-301.13522,4.786062,0.21045954525470734
2800.0,69.91988,-508.45624,0.89341396,83.949196,-505.55832,0.5393267,100.75038,-509.94424,0.19079198,88.66452,-506.6467,0.25337225,100.791985,-508.4495,0.27481833,0.3055725,1.0507132,0.7660217,0.0,0.21253876,0.48530445,0,-301.09097,14.559133,0.012516956776380539
2801.0,12.062588,-283.3129,0.42219883,83.949196,-505.87134,0.26497775,100.87293,-508.68146,0.26687446,89.57799,-506.6467,0.17133076,23.70721,-453.9194,0.22910504,232.45859,0.3130188,1.2687196,0.9134674,94.422424,88.85611,1,-244.96637,2665.683,273.9046325683594
2802.0,12.061645,-283.09436,0.42134756,84.15267,-508.34253,0.20251706,100.88089,-506.94272,0.44828424,102.982895,-504.48068,0.16116168,23.564598,-453.85922,0.2212911,0.21853842,2.4795542,1.7387573,13.578776,0.15479027,2.472376,0,-244.6239,74.17128,273.85369873046875
2803.0,12.061645,-283.09436,0.3593982,86.48788,-508.34253,0.37740055,102.388245,-505.71747,0.21152526,104.84543,-497.46753,0.30230233,22.42704,-453.8486,0.22576305,0.0,2.335205,1.9425129,7.256263,1.1376076,2.534977,0,-242.97409,76.0493,273.4738006591797
2804.0,12.05084,-282.879,0.35621175,101.074974,-508.34253,0.21276364,103.28007,-501.34332,0.31847146,112.20754,-481.27512,0.36355272,22.389992,-453.8486,0.25306138,0.21563339,14.587097,4.464134,17.787495,0.03704834,7.365514,0,-238.81775,220.96541,273.4606704711914
2805.0,12.046334,-282.8353,0.9502994,107.56552,-494.47583,0.34733665,110.680466,-488.24557,0.26185647,112.20754,-481.27512,0.30875126,22.383781,-453.8486,0.24721508,0.043932874,15.310537,15.043833,0.0,0.006210327,4.396456,0,-233.41608,131.89366,273.45922088623047
2806.0,12.05084,-282.879,0.34045726,109.643524,-493.752,0.33585975,110.83995,-481.60403,0.25747097,115.12936,-471.35306,0.41136298,22.383781,-453.74057,0.2580559,0.043932874,2.200456,6.6434555,10.343318,0.10803223,4.208587,0,-229.94571,126.25761,273.4607849121094
2807.0,95.69427,-481.3089,0.33858958,110.00823,-488.68472,0.28212792,111.77515,-476.07468,0.33919775,115.72302,-469.6744,0.40634468,22.383781,-453.72354,0.26118034,215.33846,5.080399,5.6078863,1.780535,0.017028809,47.29809,1,-267.17325,1418.9426,159.37960815429688
2808.0,12.047733,-282.72324,0.80506355,113.77083,-476.31003,0.43473288,116.77402,-466.996,0.2679968,118.43412,-451.16385,0.32817495,23.70754,-453.24622,0.21851958,215.4832,12.934072,10.36393,18.708042,1.4071878,91.665215,1,-219.36789,2749.9563,273.91161346435547
2809.0,12.1111765,-282.8108,0.6146292,117.138176,-468.75708,0.32150048,116.77402,-461.11133,0.21769118,118.43412,-444.8679,0.31860784,23.770067,-453.10007,0.2874696,0.10812448,8.269587,5.884674,6.2959595,0.15896234,3.4421384,0,-215.40945,103.264145,273.9166564941406
2810.0,104.34562,-467.9319,0.37858796,117.138176,-468.32333,0.24194835,116.77402,-455.8407,0.20110072,118.43412,-435.31897,0.32202598,23.85013,-453.07404,0.2562202,206.82603,0.43374634,5.27063,9.54892,0.08418848,58.97869,1,-249.3778,1769.3606,169.54205322265625
2811.0,109.09864,-467.9319,0.36566043,117.138176,-466.04077,0.28497806,114.64417,-452.8231,0.25951555,116.613785,-429.11154,0.32113618,116.55624,-416.44186,0.35858038,4.7530212,2.2825623,3.6935349,6.4688315,99.68118,25.893993,1,-239.74982,776.81976,81.75882720947266
2812.0,119.995094,-467.9319,0.7532323,113.15898,-458.63834,0.26555833,110.54075,-448.11594,0.18594335,116.43526,-429.11154,0.27916935,116.55624,-412.47964,0.3103519,10.896454,8.404168,6.2446284,0.17852783,3.9622192,7.1784806,0,-236.53546,215.3544,93.54863739013672
2813.0,119.995094,-467.9319,0.780528,113.04531,-458.63834,0.198537,108.60359,-445.0454,0.18533583,115.18939,-428.1242,0.26436728,116.62195,-411.81796,0.35845622,0.0,0.11367035,3.6305244,1.5896572,0.6649371,0.75762075,0,-235.59152,22.72862,93.44004821777344
2814.0,119.995094,-467.9319,0.66553766,112.96784,-458.63834,0.31546322,108.55514,-444.6717,0.32908544,115.18939,-428.1242,0.3049216,116.55624,-411.81796,0.30997708,0.0,0.07746887,0.3768463,0.0,0.065711975,0.087700635,1,-235.51682,2.6310189,93.50689697265625
2815.0,112.60569,-468.11993,0.40623024,110.15266,-457.2118,0.22706708,108.29084,-444.3465,0.27576575,114.3663,-428.1242,0.3284903,116.48081,-411.81796,0.3273405,7.3917966,3.155994,0.4190527,0.8230896,0.075424194,2.6391695,0,-235.20407,79.17508,86.06268310546875
2816.0,108.5458,-468.38577,0.38921198,104.75887,-442.0379,0.23707068,107.80156,-442.41333,0.2554684,113.84421,-424.1037,0.33993134,116.22256,-417.8306,0.3485879,4.068585,16.10403,1.9941235,4.054265,6.018178,5.977829,0,-232.23425,179.33485,81.36564636230469
2817.0,104.79583,-470.48904,0.38428533,100.82215,-440.24252,0.23799916,107.31973,-441.13727,0.39043567,113.84421,-423.83002,0.351792,116.22256,-417.8306,0.32970077,4.2995377,4.3267965,1.3639983,0.27368164,0.0,1.9542147,0,-231.9859,58.62644,77.75679779052734
2818.0,104.79583,-471.14844,0.3335626,100.82215,-440.24252,0.19675618,106.701836,-441.13727,0.36889014,114.3663,-423.49982,0.38027525,116.12068,-417.8306,0.2924525,0.6593933,0.0,0.61789703,0.61775,0.101875305,0.45332223,0,-232.05173,13.599667,78.00843811035156
2819.0,104.79583,-472.64883,0.45900124,100.82215,-440.24252,0.15625961,106.68129,-442.41333,0.36316055,114.286995,-423.15866,0.34883273,116.22256,-414.85767,0.32457635,1.5003967,0.0,1.2762274,0.35025293,2.974676,1.3559797,0,-231.94421,40.67939,78.81548309326172
2820.0,102.114235,-472.64883,0.5862719,102.466866,-458.2598,0.27833205,106.50279,-444.66257,0.33894932,113.50735,-422.52734,0.347555,116.03258,-414.85767,0.2794992,2.6815948,18.092186,2.2563086,1.0032009,0.18997955,4.246853,0,-235.87122,127.40558,76.4588394165039
2821.0,101.097275,-472.64883,0.44659573,102.466866,-458.2598,0.29466856,106.09346,-444.66257,0.28611842,113.30407,-422.15128,0.3390622,116.03258,-414.85767,0.24795254,1.0169601,0.0,0.40933228,0.42749152,0.0,0.44365394,0,-235.79602,13.309618,75.509765625
2822.0,100.50929,-472.64883,0.44851258,102.466866,-458.2598,0.29137874,105.189354,-444.66257,0.31682557,111.78718,-419.78394,0.2545893,115.12339,-414.85767,0.32187343,0.5879822,0.0,0.90410614,2.8116293,0.9091873,0.95434415,0,-235.32257,28.630323,75.80867767333984
2823.0,87.82361,-467.05695,0.41008255,101.01426,-457.0314,0.18092273,104.19366,-444.63647,0.38352197,111.30583,-419.78394,0.2734999,114.90985,-413.08267,0.2976582,13.86347,1.902371,0.99603885,0.48134613,1.7877926,4.5773554,0,-233.5983,137.32065,63.35084533691406
2824.0,87.82361,-466.38602,0.37817612,101.01426,-456.13284,0.17138892,103.67858,-442.9223,0.4796592,111.30583,-419.78394,0.3667217,114.83266,-415.0543,0.27880612,0.67092896,0.8985596,1.7898854,0.0,1.9731293,1.0845712,0,-233.33585,32.537136,62.248146057128906
2825.0,12.087634,-282.91724,0.70850724,99.281906,-455.628,0.48662892,102.49981,-441.9414,0.38454515,111.16658,-418.41528,0.36449316,114.83266,-413.06808,0.23714642,198.4861,1.8044177,1.5335124,1.3757181,1.986206,65.58827,1,-195.67398,1967.6481,308.2886390686035
2826.0,12.087634,-283.03818,0.5366801,99.281906,-454.32144,0.2605561,101.940285,-426.53815,0.35326415,111.16658,-413.4379,0.4326814,114.90985,-411.14017,0.20171091,0.12094116,1.3065491,15.413418,4.9773865,1.9294623,4.702333,0,-190.97513,141.06998,308.7525863647461
2827.0,12.098022,-283.03818,0.42374536,99.3855,-420.03122,0.23069085,101.940285,-420.55887,0.53073925,111.89211,-409.3331,0.51812905,122.91734,-386.42224,0.34474248,0.010388374,34.29038,5.9792786,4.168424,25.982607,10.842234,0,-177.15674,325.267,316.98801040649414
2828.0,12.098022,-283.03818,0.4117575,99.3855,-420.03122,0.17803991,101.940285,-416.60687,0.50688016,111.96257,-404.47665,0.5674735,124.10492,-382.99582,0.3012674,0.0,0.0,3.9519958,4.8569565,3.6263902,2.9774299,0,-174.70975,89.32289,318.2535095214844
2829.0,12.098022,-283.03818,0.3816622,99.281906,-420.03122,0.14679106,103.20224,-410.17517,0.49367312,112.965805,-398.90915,0.5575455,125.91044,-378.42636,0.28798693,0.0,0.10359192,6.5543356,5.6571717,4.913232,4.1870513,0,-171.39603,125.611534,320.0330352783203
2830.0,80.36966,-431.1774,0.45872033,92.62729,-421.02493,0.2713667,103.310905,-405.04437,0.4828749,112.965805,-395.1642,0.5416475,126.00264,-375.0004,0.44468787,163.11421,6.728402,5.131949,3.744934,3.4272048,37.593933,1,-198.76224,1127.818,50.91279602050781
2831.0,80.59171,-431.1774,0.76113516,91.604454,-421.02493,0.6501515,117.443886,-386.26044,0.52399737,113.37558,-391.24478,0.43571317,126.17847,-372.6249,0.5027054,0.22205353,1.0228348,23.506966,3.9407961,2.3819864,5.590729,0,-193.74649,167.72186,52.097023010253906
2832.0,81.99527,-431.1774,0.88785386,91.52816,-421.02493,0.48542044,117.82001,-383.56836,0.54984,112.965805,-389.4714,0.49310243,126.2156,-369.77304,0.43895143,1.4035568,0.076293945,2.7182255,1.8201042,2.8521094,1.7257171,0,-192.28305,51.77151,54.24046325683594
2833.0,81.99527,-430.81256,0.8637172,91.16137,-417.70908,0.46717322,117.82001,-381.02124,0.56022227,113.37558,-386.30966,0.49287927,126.37439,-367.70035,0.4551356,0.36483765,3.336082,2.5471191,3.188187,2.0787666,2.0492597,0,-189.99057,61.477787,54.885955810546875
2834.0,80.59171,-425.849,0.72564507,91.09765,-414.92358,0.4475426,118.15127,-378.7052,0.53030086,112.90942,-384.83713,0.49156755,126.45159,-365.98254,0.552212,5.15819,2.7862208,2.33961,1.54456,1.719538,2.8899508,0,-187.33951,86.69852,52.54657745361328
2835.0,82.55727,-423.94293,0.42701402,90.722946,-414.06927,0.25246182,118.15127,-376.72876,0.50582445,112.90942,-381.15063,0.45015737,126.594215,-364.95258,0.55928403,2.737972,0.93286973,1.9764404,3.686493,1.0397962,2.1166234,0,-185.44885,63.4987,53.25825500488281
2836.0,82.55727,-419.37222,0.45032942,89.4213,-412.93018,0.34570214,118.81956,-375.81604,0.54820555,112.90942,-380.89865,0.5302529,126.594215,-364.07614,0.640745,4.570709,1.7296885,1.131224,0.25198364,0.8764343,1.5790219,0,-183.89865,47.370655,51.46671676635742
2837.0,12.1825695,-283.22946,0.48943913,89.26673,-409.71628,0.17604326,118.81956,-375.81604,0.54808044,113.024574,-380.176,0.588911,126.94123,-362.9119,0.67057663,153.25615,3.2176127,0.0,0.73177415,1.214861,31.063501,1,-155.64993,931.90497,325.22590255737305
2838.0,12.162311,-283.15228,0.44696838,87.23776,-409.46506,0.2211338,118.81956,-375.81604,0.6048741,113.024574,-378.58472,0.5981454,127.293594,-361.24933,0.6558213,0.07979357,2.0444624,0.0,1.5912781,1.6994969,1.0107656,0,-154.93347,30.322966,325.8497657775879
2839.0,12.1825695,-283.22946,0.44093484,85.88987,-409.32928,0.27864733,99.864426,-389.6384,0.69235307,113.19969,-377.3834,0.5793499,127.898796,-359.89142,0.64342844,0.07979357,1.3547137,23.459637,1.2140208,1.4866705,6.9513946,0,-157.17438,208.54182,326.4755439758301
2840.0,12.1825695,-283.22946,0.42367142,85.88987,-405.2006,0.32829222,99.864426,-389.6384,0.730333,113.68259,-376.7446,0.66954845,128.90895,-358.90863,0.76479274,0.0,4.1286926,0.0,0.80077785,1.4093562,1.0181048,0,-156.02432,30.543142,327.04277420043945
2841.0,75.563644,-417.24384,0.54183084,85.88987,-404.70886,0.38230973,99.864426,-389.6384,0.6519172,114.851006,-375.41504,0.578712,129.0936,-358.26535,0.7355199,148.24646,0.49172974,0.0,1.7700087,0.669256,28.380917,1,-182.33429,851.4274,47.77254104614258
2842.0,76.00261,-420.7037,0.7965377,86.23715,-403.93344,0.43591872,101.32124,-386.248,0.5951934,115.42272,-373.98212,0.54577905,129.36914,-357.24393,0.75172925,3.4876046,0.849637,3.69015,1.5427657,1.0579365,2.2341352,0,-181.70221,67.02405,49.93782424926758
2843.0,76.48425,-421.8833,0.91818863,87.12705,-401.60013,0.4378153,101.597755,-386.21805,0.67764825,115.50588,-373.101,0.5411763,130.29219,-356.671,0.7320251,1.2741379,2.497253,0.2781281,0.88501924,1.086406,1.1267314,0,-181.17471,33.80194,50.47330093383789
2844.0,76.48425,-421.8833,0.89056414,87.19178,-401.43146,0.48794147,101.94293,-385.5859,0.63515663,116.243164,-372.50034,0.5610346,130.96445,-355.23935,0.80728006,0.0,0.18066397,0.72024256,0.95099837,1.5816206,0.6966263,0,-180.60806,20.898788,50.73463821411133
2845.0,77.20094,-421.8833,0.96620804,88.55698,-400.93732,0.49787876,102.94809,-384.11075,0.6480921,116.74529,-371.39407,0.6591156,131.73009,-353.61633,0.7679081,0.71669006,1.4518732,1.7850587,1.2148864,1.7945437,1.3423947,0,-179.66837,40.27184,51.383419036865234
2846.0,79.084885,-421.4354,0.7921392,90.203064,-398.93945,0.51501215,104.09705,-381.95346,0.6670371,117.992744,-367.96817,0.5764537,135.32921,-352.57834,0.8320778,1.9364545,2.5886414,2.4441783,3.6459498,3.7458117,2.8722477,0,-177.85498,86.16743,50.757110595703125
2847.0,79.34656,-419.96652,0.8827727,90.203064,-397.8732,0.44586778,105.243095,-379.90112,0.6560124,121.006516,-365.98987,0.65771437,138.91043,-351.4669,0.9101148,1.491998,1.0662537,2.3506386,3.605065,3.74973,2.5667517,0,-176.31952,77.00255,48.99140167236328
2848.0,79.34656,-414.74487,0.9019687,90.32308,-394.1248,0.4650401,106.255104,-377.09332,0.5740168,122.51692,-364.05743,0.67249167,141.6193,-350.20712,0.80778795,5.221649,3.750334,2.984611,2.452678,2.9874644,3.5745654,0,-173.32547,107.23695,46.02327346801758
2849.0,79.88815,-405.82446,0.63062936,90.643654,-393.40747,0.50146925,106.29628,-376.57657,0.57195765,122.53011,-363.15366,0.6036446,143.23486,-348.79736,0.8255569,8.936836,0.7856896,0.518392,0.90387434,2.1441755,2.7581792,0,-170.83191,82.74537,41.99473571777344
2850.0,82.37773,-400.38904,0.39367375,90.80332,-390.80038,0.44478604,107.52216,-375.13535,0.70431,125.54324,-361.98343,0.6447528,146.00128,-347.00037,0.85618234,5.9784484,2.611971,1.8920662,3.2323961,3.2988284,3.205443,0,-168.3417,96.163284,40.00114822387695
2851.0,84.11727,-400.38904,0.48262656,91.57692,-389.6682,0.4683052,108.80058,-374.57553,0.70170534,126.34775,-361.39386,0.7852194,147.30646,-345.21088,0.90037495,1.7395401,1.3712279,1.3956176,0.9974062,2.2148945,1.5692238,0,-167.5275,47.07671,41.1281623840332
2852.0,84.11727,-400.38904,0.4783021,92.51247,-389.1766,0.38227916,109.91911,-372.7356,0.618282,126.76583,-360.39267,0.7460039,147.79549,-344.67038,0.8363265,0.0,1.0568472,2.1532469,1.0849771,0.72889376,1.03042,0,-166.75287,30.912598,41.186038970947266
2853.0,84.44239,-400.57547,0.51109165,94.88572,-385.52814,0.39094818,110.26976,-371.46265,0.6627821,127.31643,-359.3909,0.67918575,148.04976,-344.2797,0.76237965,0.3747789,4.3524303,1.3203609,1.1431104,0.46614382,1.2972366,0,-165.52737,38.917095,41.51047134399414
2854.0,85.237724,-400.57547,0.8352063,95.24208,-384.58124,0.45362136,110.81096,-370.29095,0.60541797,127.58575,-357.68317,0.62418896,148.81404,-343.31415,0.7427236,0.79533386,1.0117371,1.2906424,1.728839,1.2314242,1.1953795,0,-164.569,35.86138,42.0084342956543
2855.0,85.237724,-400.57547,0.925753,95.43952,-383.8684,0.4351519,111.509285,-369.3318,0.6092237,129.43016,-356.6428,0.6205751,149.58821,-342.67523,0.75007486,0.0,0.7396682,1.1864492,2.1176028,1.0037693,0.931434,0,-163.89874,27.943018,41.979732513427734
2856.0,87.35344,-398.99643,0.6411522,95.43952,-383.24545,0.35072628,112.94244,-367.3563,0.7597814,130.34827,-356.08322,0.69894904,150.07228,-341.72253,0.7670625,2.6400037,0.6229553,2.4405942,1.075192,1.0686237,1.6585455,0,-162.76077,49.756363,42.401851654052734
2857.0,87.35344,-398.99643,0.4797782,95.43952,-382.98593,0.4697191,113.70003,-366.34998,0.66082454,131.11734,-355.01657,0.7157736,150.85081,-340.47992,0.7966422,0.0,0.25952148,1.2596105,1.314997,1.4663583,0.98109007,0,-162.04578,29.432701,42.6623649597168
2858.0,87.35344,-398.99643,0.42097062,95.43952,-382.8891,0.42011884,113.97685,-365.85574,0.5946494,131.3984,-354.4956,0.69878626,151.57802,-340.15643,0.7826502,0.0,0.096832275,0.5664782,0.5919491,0.79590714,0.48474964,0,-161.75867,14.542489,42.49467086791992
2859.0,84.61951,-399.17154,0.7904028,95.43952,-382.81137,0.4337807,114.56746,-364.79642,0.6260389,131.41525,-353.3945,0.6378311,151.67093,-339.5971,0.8316843,2.7395346,0.07772827,1.2128431,1.1012336,0.5669905,1.2447664,0,-161.23419,37.342987,41.6207275390625
2860.0,84.61951,-399.17154,0.69125295,100.29716,-377.8183,0.4344829,115.12557,-364.0932,0.6074193,131.45584,-353.01416,0.6520749,151.83025,-338.8573,0.82804084,0.0,6.966161,0.89777714,0.38250014,0.75676715,1.3842772,0,-159.87088,41.528313,41.90447998046875
2861.0,84.61951,-399.17154,0.7837891,100.79156,-376.32062,0.39789283,116.391754,-362.60706,0.662716,132.17174,-352.0337,0.71260834,152.35397,-337.67126,0.8142088,0.0,1.5771743,1.9523944,1.2140127,1.2965223,1.1397033,0,-158.84085,34.191097,42.23823165893555
2862.0,86.872734,-396.46765,0.94293934,102.383446,-374.98026,0.41271412,116.907845,-361.5984,0.61920494,132.99966,-351.29343,0.67432255,153.41528,-337.50262,0.7995841,3.519665,2.0810287,1.1330307,1.11061,1.0746247,1.8810909,0,-157.64847,56.432724,41.544960021972656
2863.0,87.147804,-395.8014,0.96288395,102.40411,-374.75906,0.35937402,117.94128,-360.02917,0.6109982,134.48582,-350.00067,0.6195318,153.99895,-337.1399,0.8063,0.72080904,0.22215492,1.8789395,1.9697431,0.6871958,1.1003956,0,-156.82605,33.011864,41.26676559448242
2864.0,87.29921,-395.63467,0.9524204,102.40411,-374.75906,0.41884333,117.94128,-358.5117,0.5399843,134.91138,-349.37372,0.6555972,155.00095,-336.20767,0.7867984,0.22520725,0.0,1.5174866,0.7577368,1.3685894,0.7775081,0,-156.17734,23.325241,41.27590560913086
2865.0,87.65171,-394.83694,0.9267928,102.84474,-374.5668,0.38865557,119.27441,-358.42148,0.5454975,135.45766,-348.62665,0.66427404,155.31906,-335.28238,0.80606216,0.8721406,0.4807466,1.3361785,0.92549217,0.97845,0.9388255,0,-155.62686,28.164762,41.35125732421875
2866.0,88.55073,-391.7376,0.81842804,103.79891,-373.22552,0.45458332,119.27441,-358.42148,0.50836056,135.81549,-347.873,0.64983886,156.41708,-334.78918,0.8350698,3.2270896,1.646046,0.0,0.8342971,1.2037002,1.511425,0,-154.48935,45.342747,40.000885009765625
2867.0,88.85318,-389.80637,0.9587249,103.888084,-371.77985,0.32993743,124.11444,-353.18842,0.5256976,136.6428,-347.65387,0.6253799,156.8007,-333.10675,0.7236976,1.9547839,1.4484264,7.128175,0.85584116,1.7256157,2.4920056,0,-152.38702,74.76016,39.84370803833008
2868.0,89.291824,-386.8285,0.85708606,105.52509,-369.3932,0.34869888,125.27444,-351.69022,0.5910338,138.80257,-346.12476,0.6500803,158.61906,-332.39725,0.79127353,3.0100076,2.8941205,1.8947804,2.646271,1.9518775,2.4623919,0,-150.56677,73.87175,38.13669967651367
2869.0,92.054955,-384.23615,0.90939856,107.537155,-367.1869,0.50656325,125.27444,-351.69022,0.5116745,140.68556,-344.43817,0.71123385,160.69867,-330.6529,0.8280117,3.7888188,2.985992,0.0,2.5278924,2.7143192,2.597017,0,-148.92087,77.91051,37.975582122802734
2870.0,97.29776,-381.5997,0.96275854,108.681625,-366.5276,0.61972314,125.27444,-351.69022,0.64692897,141.632,-342.81296,0.55959433,161.7998,-329.76743,0.7713779,5.8683767,1.3207917,0.0,1.8807102,1.4129939,2.4184878,0,-147.75958,72.55463,38.78451156616211
2871.0,98.56574,-375.53763,0.84609646,108.681625,-365.4779,0.6627039,125.27444,-351.69022,0.70356196,143.8295,-342.11526,0.64414036,163.93292,-328.9718,0.8814886,6.193263,1.0496826,0.0,2.3055925,2.276666,2.5221317,0,-146.03854,75.66395,35.46505355834961
2872.0,98.56574,-375.14117,0.72863024,110.28036,-362.26968,0.5204992,125.490524,-351.6847,0.70211774,145.13138,-341.08032,0.73733205,165.92271,-327.78577,0.8853345,0.39645386,3.5844984,0.21615793,1.6631289,2.3164523,1.562287,0,-144.87234,46.868607,35.109188079833984
2873.0,98.56574,-374.8927,0.9651017,111.030815,-362.1025,0.5691557,130.1682,-347.6333,0.6427671,146.26346,-339.70343,0.6769933,167.42369,-326.45215,0.7801051,0.24847412,0.7688527,6.188247,1.7825367,2.0078516,2.0439875,0,-143.43683,61.319622,35.125823974609375
2874.0,98.56574,-374.8927,0.9753131,113.79738,-359.47412,0.4807539,130.5998,-346.48633,0.6556751,148.41913,-338.50644,0.64588124,169.47668,-324.9681,0.8113682,0.0,3.8160574,1.2254878,2.4657052,2.5332108,1.7612889,0,-142.14554,52.838665,35.14731979370117
2875.0,98.56574,-372.1091,0.90640146,114.20219,-358.78067,0.5475477,130.78911,-345.85223,0.6361332,149.98807,-336.76407,0.74304086,170.46712,-324.02255,0.76644975,2.7835999,0.8029594,0.6617522,2.3446589,1.369319,1.7155845,0,-140.7857,51.467533,33.77400207519531
2876.0,100.97662,-370.31927,0.98632896,114.54325,-357.51743,0.647025,130.78911,-345.85223,0.67543536,150.24889,-335.52237,0.77045196,170.66989,-322.81403,0.80021614,3.002636,1.3084769,0.0,1.268796,1.2254199,1.4863808,0,-139.68509,44.591423,34.27964401245117
2877.0,106.269066,-364.49673,0.79570454,116.698975,-353.01828,0.5976816,133.25583,-342.15054,0.6575859,150.47726,-333.86224,0.65223974,172.27133,-321.363,0.7944035,7.8684125,4.988933,4.448283,1.6757607,2.161034,4.2822275,0,-136.25818,128.46681,33.16537094116211
2878.0,106.269066,-364.49673,0.6222848,117.78706,-353.0068,0.6564913,134.05377,-341.60107,0.704508,152.58968,-333.05182,0.5889858,173.96828,-319.41638,0.7808706,0.0,1.0881495,0.96882886,2.2625363,2.5824351,1.4154068,0,-135.59457,42.462204,33.65932083129883
2879.0,106.269066,-364.0701,0.77392066,118.275955,-352.50162,0.6579535,134.65605,-340.78348,0.7937451,153.77058,-331.8711,0.69999707,175.3211,-318.21317,0.80937994,0.42663574,0.70301485,1.0154825,1.6699269,1.8104906,1.1333575,0,-134.76788,34.000725,33.587833404541016
2880.0,108.34516,-363.95422,1.0,120.63963,-350.01273,0.59044224,134.65605,-340.78348,0.6343258,154.98083,-330.7594,0.70933986,176.53084,-317.40356,0.8142709,2.0793269,3.432427,0.0,1.6433415,1.4556459,1.7225994,0,-133.86267,51.67798,34.3215217590332
2881.0,108.34516,-363.95422,0.924208,121.121124,-348.92914,0.60972816,137.80392,-338.12656,0.59553623,156.82455,-328.63065,0.61020523,178.61263,-315.97894,0.81983626,0.0,1.1857469,4.119264,2.8161843,2.522575,1.9560826,0,-132.40387,58.682476,34.323402404785156
2882.0,109.236984,-358.67352,0.7591162,123.1293,-347.80554,0.6545367,138.67253,-337.30255,0.64513946,157.75838,-328.1431,0.61082435,178.88222,-315.16013,0.7743353,5.3554783,2.301141,1.1972727,1.0534365,0.86205655,2.2227387,0,-130.69696,66.68216,31.996580123901367
2883.0,109.61594,-356.9857,0.7842873,125.42009,-345.47678,0.5236634,138.85905,-337.22852,0.69108236,159.07056,-327.3164,0.54540414,181.39047,-313.71246,0.76909333,1.7298537,3.2666273,0.20067953,1.5508813,2.8960438,1.895014,0,-129.42395,56.850418,31.085983276367188
2884.0,113.602554,-356.98337,1.0,125.61005,-345.27203,0.62048936,139.95125,-337.05725,0.56805116,161.6082,-325.88016,0.6277835,183.02522,-311.92508,0.80847853,3.9866188,0.27929017,1.1055399,2.9158952,2.4222202,2.3661382,0,-128.70355,70.984146,32.98529815673828
2885.0,114.438614,-353.91434,0.88878804,125.790115,-344.80795,0.46883047,145.00336,-332.83044,0.5320421,163.45483,-324.31207,0.48245594,183.96902,-310.97006,0.74206954,3.1808717,0.49779096,6.5870857,2.422591,1.3426912,2.8033876,0,-126.64697,84.10162,31.700843811035156
2886.0,114.438614,-353.02655,0.8223705,131.96797,-340.9749,0.5695263,148.68295,-331.04535,0.6249299,166.51303,-323.0437,0.5493073,186.75049,-309.17987,0.7132866,0.88778687,7.270357,4.089742,3.3107908,3.3077676,3.5386066,0,-124.7341,106.158195,31.230741500854492
2887.0,124.064,-350.6981,0.8284074,135.52751,-338.41336,0.58877105,150.93874,-329.6838,0.57579273,168.22177,-321.39923,0.5306709,188.07668,-308.37408,0.74319595,9.903022,4.385417,2.6348345,2.3715134,1.5517937,4.5042458,0,-122.99371,135.12737,33.471946716308594
2888.0,128.73827,-346.4511,0.61443007,135.61417,-337.39352,0.37735587,151.4302,-329.63977,0.6616563,171.35962,-319.98343,0.47415006,190.21976,-308.33844,0.8018544,6.3155017,1.0235113,0.49343932,3.442468,2.143378,2.7117999,0,-121.641235,81.35399,31.79496955871582
2889.0,128.73827,-346.4511,0.6151281,136.1914,-337.01114,0.22820722,151.49721,-329.302,0.6475757,171.9705,-319.39014,0.501965,192.95535,-307.45374,0.8126613,0.0,0.69240487,0.3443498,0.8515732,2.8750975,1.1209776,0,-121.20163,33.629326,31.26922607421875
2890.0,128.73827,-346.4511,0.7984012,136.24756,-336.85538,0.4554278,151.84094,-327.91525,0.7160956,174.64034,-317.83246,0.48726633,194.42188,-307.2002,0.80020386,0.0,0.16557415,1.4287152,3.091012,1.4882776,1.1652181,0,-120.53088,34.956543,30.861501693725586
2891.0,127.746346,-346.4511,0.85643154,137.1258,-336.78793,0.65084505,152.25038,-327.89487,0.75641316,175.96944,-317.33054,0.6227811,195.67017,-306.41367,0.79073143,0.9919205,0.88082075,0.4099463,1.4207172,1.4754183,1.029134,0,-120.255646,30.87402,30.517065048217773
2892.0,126.22119,-346.4511,0.86094093,137.1258,-336.78793,0.60051036,152.51288,-327.84775,0.70700544,176.2526,-316.91803,0.67112,197.38359,-305.01187,0.7155229,1.5251541,0.0,0.26669243,0.50033927,2.2137868,0.9623988,0,-119.88333,28.871964,30.21306800842285
2893.0,126.22119,-345.5857,1.0,137.67032,-335.04227,0.65147793,155.91159,-324.9698,0.6621402,176.63104,-316.46848,0.71343267,198.60478,-304.94046,0.7321026,0.8654175,1.8286222,4.453527,0.5876414,1.2232776,1.6813335,0,-118.681305,50.440002,29.31532096862793
2894.0,126.22119,-344.62646,1.0,139.0825,-333.89993,0.7355638,156.5408,-323.90582,0.68180114,178.22522,-314.87457,0.5132751,199.48508,-304.60645,0.7373416,0.9592285,1.8163687,1.236094,2.2543128,0.94153327,1.3602489,0,-117.66263,40.807465,28.645343780517578
2895.0,125.37722,-340.23413,0.8487715,140.30995,-332.6019,0.681472,156.63177,-323.40494,0.708366,179.9696,-314.40375,0.5454051,199.74635,-304.33725,0.7463903,4.4726825,1.7864829,0.5090794,1.8068079,0.37514198,1.8807425,0,-116.2764,56.42227,25.76591682434082
2896.0,125.37722,-340.20422,0.87859017,140.37181,-331.22043,0.6820181,156.81631,-323.15567,0.673963,180.5079,-314.2744,0.5945648,201.3948,-304.31195,0.7594558,0.029907227,1.382854,0.31014395,0.5536186,1.648647,0.7690118,0,-115.91336,23.070353,25.274688720703125
2897.0,125.37722,-340.20422,0.91884005,140.67082,-330.8465,0.75856024,157.49759,-323.12845,0.58387053,181.503,-313.36038,0.6114405,202.58759,-304.1067,0.820409,0.0,0.4787826,0.681818,1.3511782,1.210312,0.69870317,0,-115.60925,20.961094,25.05711555480957
2898.0,125.37722,-340.20422,0.95858574,143.08258,-330.76398,0.6849803,161.19928,-321.9612,0.65772504,183.41139,-313.11295,0.5248871,203.87132,-303.60004,0.79154867,0.0,2.4131696,3.8813598,1.9243604,1.3801008,1.7437276,0,-115.208466,52.311825,25.001070022583008
2899.0,125.37722,-341.2682,0.86717117,143.72662,-330.76398,0.7997157,163.02994,-321.58145,0.6135807,184.9071,-312.89252,0.679919,204.4915,-302.9016,0.75891227,1.0639648,0.64404297,1.8696328,1.5118678,0.93403363,1.1619552,0,-115.16153,34.858654,25.87112808227539
2900.0,131.42949,-343.22995,0.95104295,147.39972,-330.76398,0.6880054,165.26025,-321.58145,0.69900364,185.3385,-312.8465,0.73430395,205.35828,-302.12177,0.80625683,6.362269,3.6730957,2.2303162,0.43384424,1.1659588,2.938044,0,-115.38873,88.14132,29.076295852661133
2901.0,135.60464,-344.0182,0.9169961,148.58734,-331.8816,0.69626033,165.33612,-321.29614,0.69280535,185.55168,-312.6574,0.768855,205.87961,-301.80463,0.78781015,4.248911,1.6308001,0.29522347,0.2849558,0.6102162,1.5367519,0,-115.6116,46.102554,30.992870330810547
2902.0,136.642,-347.51477,0.88047844,149.8127,-333.35236,0.76582384,166.52902,-321.18164,0.65385824,186.68561,-312.40152,0.71104175,207.67123,-300.96106,0.7870541,3.6472166,1.9143268,1.1983844,1.1624408,1.980285,2.0656958,0,-116.362274,61.97087,33.24148178100586
2903.0,138.42867,-354.2096,0.7254169,153.31253,-334.9269,0.6806487,170.19908,-321.29614,0.67674196,189.54222,-311.84302,0.6863582,209.62506,-299.7282,0.6844723,6.9291306,3.8377137,3.671845,2.9106982,2.310272,3.967594,0,-117.680786,119.02781,37.4241828918457
2904.0,143.37886,-358.31183,0.7516741,157.62775,-335.3741,0.489459,174.73988,-321.54398,0.6657407,191.62541,-310.84235,0.5169925,212.09018,-299.7282,0.76741594,6.4290557,4.338327,4.54756,2.3110664,2.4651184,4.095551,0,-118.440094,122.86652,40.45107650756836
2905.0,150.65251,-358.31183,0.86780214,158.13669,-336.30496,0.42370826,176.25777,-321.18164,0.57110566,191.62541,-310.84235,0.57785565,212.09018,-299.7282,0.71324885,7.273651,1.060895,1.5605308,0.0,0.0,2.426603,0,-118.55383,72.79809,43.63779067993164
2906.0,152.2541,-358.31183,0.7949108,163.9558,-336.30496,0.4313443,184.3931,-320.73856,0.57079273,191.62541,-310.84235,0.3885107,212.09018,-300.68616,0.33297583,1.601593,5.819107,8.1473875,0.0,0.9579468,3.475277,0,-118.65677,104.2583,43.921932220458984
2907.0,159.48436,-356.9445,0.77520347,169.09814,-336.30496,0.35004547,192.17026,-317.64468,0.54511464,194.81763,-327.2668,0.24917147,24.018986,-453.31543,0.2642911,7.3584104,5.1423492,8.369963,16.73181,242.21162,36.74761,1,-151.57529,1102.4282,215.4282989501953
2908.0,166.87616,-354.67215,0.84533846,183.61,-336.30496,0.3640136,195.57747,-317.21832,0.6160954,198.75284,-327.2668,0.3027143,24.018986,-453.31543,0.23162998,7.73319,14.511856,3.433784,3.9352112,0.0,6.410083,0,-151.03555,192.30247,214.6251983642578
2909.0,166.87616,-352.48978,0.73571545,196.93088,-333.30243,0.45017168,200.90018,-317.21832,0.5340482,185.07245,-327.2668,0.2280284,22.625326,-453.75446,0.2634107,2.182373,13.655071,5.322708,13.680389,1.4611745,6.375999,0,-150.08633,191.27995,215.0690155029297
2910.0,189.57231,-349.6373,0.67688,209.80397,-331.77063,0.24701002,210.65065,-317.21832,0.40057278,185.07245,-322.47324,0.21394938,22.625326,-453.76135,0.34239364,22.8747,12.963908,9.750473,4.793579,0.0068969727,12.558108,0,-148.25217,376.74323,211.95159912109375
2911.0,206.48914,-344.39233,0.42309052,217.52504,-333.30243,0.2986334,216.37111,-320.1622,0.37773168,112.609085,-241.06429,0.21071213,24.018986,-453.31543,0.26695517,17.711256,7.871551,6.4335117,108.98787,1.4632615,22.591776,1,-131.72733,677.75323,210.8345184326172
2912.0,226.29997,-344.39233,0.44524002,219.97276,-331.77063,0.64296496,216.4712,-320.1622,0.3576789,112.565834,-240.8335,0.21869138,206.47723,-314.72815,0.2329704,19.810837,2.8875177,0.100097656,0.23480694,229.12321,33.803257,1,-103.65738,1014.09766,123.75235748291016
2913.0,227.96078,-343.59702,0.41718215,222.51053,-331.11044,0.59371287,218.17488,-320.1622,0.37850657,112.565834,-240.8335,0.21981095,210.61157,-314.72815,0.23496088,1.8414204,2.622232,1.7036743,0.0,4.1343384,2.1371748,0,-103.36624,64.11524,121.00443267822266
2914.0,228.72182,-343.59702,0.51030105,223.65503,-331.11044,0.6266933,218.85002,-320.74304,0.26873422,112.609085,-240.8335,0.23038304,211.2982,-311.59012,0.2719916,0.7610321,1.1445007,0.89061266,0.043251038,3.2122734,1.1679767,0,-102.8548,35.0393,118.56256866455078
2915.0,230.96814,-340.70673,0.6053201,225.03543,-330.57755,0.6815494,219.5652,-321.30365,0.30251795,217.84505,-316.91553,0.2717519,212.07155,-311.26474,0.3150643,3.6605651,1.4796921,0.90871495,129.85793,0.83900833,17.945324,1,-117.433624,538.3597,122.69335174560547
2916.0,231.55865,-340.70673,0.6084154,225.81857,-330.12158,0.6803544,219.96043,-321.60568,0.39119583,217.9486,-317.42435,0.35611433,212.15164,-310.65433,0.3434897,0.59051514,0.9062085,0.49742624,0.51924866,0.61564475,0.65843505,0,-117.38251,19.75305,122.85325622558594
2917.0,232.46802,-340.70673,0.87065923,226.18057,-330.12158,0.6368183,220.4812,-321.60568,0.34082425,217.96573,-317.42435,0.34398365,212.72261,-308.1393,0.38606033,0.9093628,0.3619995,0.5207672,0.01713562,2.5790122,0.85376906,0,-116.87952,25.613071,121.22815704345703
2918.0,235.49464,-340.9716,0.97015184,226.1947,-330.12158,0.6403313,220.4812,-321.60568,0.35513932,218.76918,-317.3505,0.304938,213.44156,-308.02594,0.35639402,3.0381937,0.014129639,0.0,0.80683863,0.7278325,1.3178713,0,-116.89505,39.536137,123.79747772216797
2919.0,238.33586,-341.39844,0.83177704,227.48444,-330.35327,0.5723454,220.4812,-321.3799,0.3216864,219.21194,-317.2757,0.2811658,213.594,-307.99716,0.44627938,2.873102,1.3103791,0.22576904,0.4490379,0.155128,1.3891269,0,-116.96088,41.673805,126.52906036376953
2920.0,241.17177,-341.46243,0.8268451,227.58139,-330.3817,0.5430688,221.03894,-321.3799,0.30801314,219.401,-317.3505,0.2438522,214.16249,-307.89865,0.4534734,2.836629,0.10104016,0.55773926,0.20331539,0.5769687,1.2139063,0,-116.97464,36.417187,128.8241424560547
2921.0,241.17177,-341.46243,0.7548468,228.8967,-330.3817,0.6040952,222.50653,-320.57864,0.33978155,219.91125,-317.3505,0.2422566,214.87161,-307.58484,0.5488174,0.0,1.3153076,1.6720809,0.5102539,0.77545583,0.7678975,0,-116.75162,23.036922,127.82321166992188
2922.0,241.17177,-341.46243,0.5327657,229.10652,-330.35327,0.5070916,222.82323,-321.3799,0.32498208,220.48308,-317.37958,0.30967093,215.33582,-307.58484,0.5112859,0.0,0.21174257,0.8615853,0.5725623,0.46420288,0.36692303,0,-116.91202,11.00769,127.3301010131836
2923.0,240.70003,-338.11673,0.3879665,229.10652,-329.24667,0.6255071,223.24887,-321.7396,0.35340896,220.60176,-317.37958,0.3144773,215.53578,-307.58484,0.4553765,3.3787968,1.1065979,0.5572635,0.11868286,0.19996643,1.0896852,0,-116.093506,32.690556,129.4951934814453
2924.0,240.70003,-337.7948,0.6365062,229.10652,-327.38916,0.5777434,223.93602,-322.51938,0.36973664,220.60176,-317.37958,0.39901006,215.58356,-308.52042,0.31136978,0.32192993,1.8575134,1.0393453,0.0,0.9367964,0.8516734,0,-116.00067,25.550201,130.62850952148438
2925.0,240.70003,-337.05072,0.9327006,229.48053,-327.27603,0.54171467,223.93602,-322.51938,0.34846437,220.60176,-317.37958,0.37229007,215.53578,-308.53632,0.29260784,0.7440796,0.39074317,0.0,0.0,0.05035152,0.369972,0,-115.83243,11.099159,131.4287109375
2926.0,244.30914,-337.2593,1.0,229.48053,-327.27603,0.44308794,223.93602,-322.51938,0.34444347,220.60176,-317.37958,0.3764631,215.53578,-308.58493,0.2898874,3.6151383,0.0,0.0,0.0,0.048614502,1.4789754,0,-115.88385,44.36926,135.09872436523438
2927.0,247.71042,-337.2593,0.80740076,229.58824,-327.27603,0.46951175,221.01431,-318.61313,0.34470505,220.60176,-317.44086,0.32498056,215.07132,-308.58493,0.35250682,3.4012756,0.10771179,4.8780284,0.061279297,0.46446228,2.0276961,0,-115.11487,60.83088,138.69976806640625
2928.0,247.71042,-337.05072,0.93381464,230.38794,-327.33725,0.42337078,220.58946,-318.52493,0.3612292,220.66133,-317.99692,0.2494827,215.07132,-308.59763,0.33783904,0.20858765,0.80203766,0.43390828,0.55924255,0.0126953125,0.36209354,0,-115.18149,10.862805,138.91973876953125
2929.0,247.71042,-336.65942,0.78090024,233.39853,-327.74954,0.49390236,219.73804,-317.47946,0.42571178,220.94737,-318.09668,0.22292142,214.8388,-308.58493,0.3633535,0.3912964,3.0386896,1.3483082,0.30293903,0.23285975,1.1074533,0,-114.99402,33.2236,139.50051879882812
2930.0,245.3997,-333.68875,0.49970737,233.39853,-327.74954,0.49700794,219.73804,-317.31616,0.40836886,221.25404,-318.14758,0.23873362,214.8388,-308.54517,0.3591256,3.7635486,0.0,0.16329956,0.31086707,0.039764404,1.0164311,0,-114.369446,30.492931,140.55459594726562
2931.0,245.3997,-332.297,0.73257303,233.7505,-327.74954,0.45677462,219.73804,-316.67618,0.4227829,221.84337,-318.14758,0.24728471,215.07195,-308.49265,0.36557102,1.3917542,0.3519745,0.63998413,0.58932495,0.23898166,0.75686073,0,-113.952576,22.70582,141.87152099609375
2932.0,245.3997,-332.297,0.95502305,235.09813,-327.74954,0.4920596,220.57095,-316.6727,0.4843655,222.57722,-318.19943,0.26493803,215.07195,-308.49265,0.31313998,0.0,1.3476257,0.83292353,0.7356856,0.0,0.5026697,0,-113.96228,15.08009,141.87152099609375
2933.0,249.41649,-333.68875,1.0,235.09813,-327.74954,0.4368107,221.02094,-316.6727,0.41774788,224.32286,-319.11234,0.24803054,214.8388,-308.49265,0.29577836,4.2510633,0.0,0.4499817,1.9699332,0.23313904,2.0833352,0,-114.42319,62.500053,143.91989135742188
2934.0,249.41649,-332.297,1.0,235.09813,-326.9769,0.4227021,221.02094,-316.48157,0.43231428,224.32286,-319.11234,0.3440062,22.47722,-453.62827,0.2745552,1.3917542,0.77264404,0.19113159,0.0,240.97163,27.47478,1,-142.97922,824.24335,208.13082885742188
2935.0,249.41649,-332.297,0.7781475,235.6494,-327.23804,0.37567997,220.57095,-315.9723,0.3228984,222.57722,-317.6568,0.3914966,22.47722,-453.62827,0.28350005,0.0,0.60999316,0.6795932,2.2728462,0.0,0.6220195,0,-142.63846,18.660585,208.13082885742188
2936.0,245.09697,-330.32507,0.73143077,236.18315,-327.23804,0.36933285,220.57095,-312.32092,0.26709646,221.20454,-312.90683,0.35171968,22.47722,-453.62827,0.27176568,4.7483397,0.53375244,3.6513672,4.9443364,0.0,3.2061248,0,-140.56384,96.18374,208.9809112548828
2937.0,230.98317,-321.13516,0.44749737,238.29797,-321.6704,0.5962279,222.39449,-311.0811,0.46360147,212.14352,-312.20587,0.59340334,194.75548,-322.41656,0.46821216,16.842026,5.9557486,2.2051003,9.088092,216.55556,46.282425,1,-110.98181,1388.4727,182.02574157714844
2938.0,230.98317,-298.90997,0.4396769,238.29797,-318.89236,0.19840588,222.39449,-309.47028,0.4602697,211.56929,-312.20587,0.72269684,194.75548,-322.41656,0.6597235,22.22519,2.7780457,1.6108093,0.574234,0.0,4.627383,0,-105.659,138.82149,212.97781372070312
2939.0,230.98317,-295.05432,0.37684417,238.29797,-311.71466,0.20411085,222.39449,-306.5966,0.6368386,208.62009,-312.20587,0.9149699,194.75548,-322.41656,0.6631488,3.8556519,7.177704,2.8736877,2.9492035,0.0,2.663365,0,-102.877594,79.90094,217.06321716308594
2940.0,252.21016,-295.47522,0.63223636,238.29797,-300.2548,0.5897286,222.39449,-306.5966,0.8155534,204.8495,-316.10577,0.745883,187.57626,-327.54803,0.56852823,21.231161,11.459869,0.0,5.4246235,8.8245735,8.72467,0,-102.476105,261.7401,206.39166259765625
2941.0,252.21016,-295.47522,0.7381442,237.50006,-300.2548,0.6298858,220.76807,-306.5966,0.690365,198.24452,-319.29886,0.6633629,178.80482,-331.91183,0.43456474,0.0,0.7979126,1.6264191,7.3363175,9.796984,3.4056978,0,-103.98746,102.17093,206.398681640625
2942.0,252.21016,-297.35513,0.7911977,230.35738,-300.2548,0.58012986,213.13646,-308.8555,0.6210395,190.76761,-323.11172,0.6694948,170.73009,-337.44962,0.47870842,1.8799133,7.142685,7.958901,8.392984,9.791241,6.6484957,0,-106.68533,199.45486,206.2007598876953
2943.0,243.69003,-297.35513,0.8986684,221.66617,-303.63113,0.5530504,205.30247,-311.95178,0.639961,178.60965,-331.344,0.71133137,162.43156,-340.39496,0.4420255,8.520126,9.32399,8.423674,14.682855,8.805711,10.027915,0,-110.21539,300.83743,207.9086456298828
2944.0,240.09325,-302.66028,0.83986396,216.59637,-306.5973,0.49459967,198.20033,-315.552,0.59899193,174.44823,-333.17792,0.6212621,156.64697,-342.8647,0.38065732,6.4094806,5.873746,7.962538,4.5476055,6.2897577,6.2265425,0,-113.45047,186.79626,205.7247772216797
2945.0,234.1153,-306.2031,0.7814817,209.57703,-310.09607,0.57593006,193.72919,-317.08606,0.6758344,171.87509,-333.28522,0.67366326,151.69304,-345.08618,0.5986712,6.948917,7.8430033,4.7269945,2.5753715,5.4292274,5.483876,0,-115.63132,164.51628,205.25582885742188
2946.0,224.04497,-307.98276,0.6585056,205.77483,-312.21744,0.57994187,187.30159,-320.75195,0.62846524,167.09418,-335.51743,0.65409315,146.3551,-347.7188,0.57762814,10.226373,4.3539557,7.399512,5.2763524,5.951832,6.7122073,0,-118.11771,201.36621,207.08839416503906
2947.0,212.30244,-312.31027,0.5776472,197.55568,-315.58585,0.67106354,182.0024,-322.67172,0.6910459,163.03716,-336.48022,0.6118637,143.3215,-348.55112,0.6765076,12.514562,8.882598,5.63622,4.1697016,3.1457052,6.742006,0,-120.39984,202.26016,207.71630859375
2948.0,205.58038,-314.01785,0.62153995,194.06133,-317.29465,0.62541187,177.59647,-324.59055,0.5954089,159.17291,-337.60458,0.603305,139.7003,-348.76196,0.7635574,6.9355564,3.889796,4.805632,4.024494,3.6273336,4.6124682,0,-121.73392,138.37404,207.8064727783203
2949.0,203.47572,-315.32843,0.7941989,191.62698,-319.18243,0.58118254,175.8692,-325.94418,0.74217224,154.95692,-337.8579,0.67636806,136.78479,-349.7756,0.67978907,2.4793563,3.080545,2.194488,4.2235923,3.086694,2.9775517,0,-122.897736,89.326546,207.31724548339844
2950.0,201.7328,-316.47253,0.80520445,188.53989,-320.75153,0.58960456,173.0941,-326.62704,0.7406903,151.57677,-339.35123,0.6917595,133.35008,-350.1608,0.69950825,2.0848846,3.4629781,2.8578808,3.6953294,3.4562392,3.0654979,0,-123.95261,91.96493,206.2268524169922
2951.0,200.9,-316.47253,0.7744326,186.95366,-320.78876,0.57689434,170.76979,-327.64288,0.7796984,150.13365,-339.35123,0.7274476,131.7485,-350.1991,0.74928516,0.83280945,1.5866643,2.5366013,1.4431152,1.6020356,1.6043894,0,-124.1709,48.13168,205.99940490722656
2952.0,200.63872,-316.47253,0.7801239,185.79393,-320.78876,0.5610274,169.03276,-327.81006,0.8313651,149.79231,-339.35123,0.78635293,131.58768,-350.20395,0.77026814,0.26127625,1.159729,1.7450562,0.3413391,0.16090082,0.7233834,0,-124.20532,21.701502,206.03550720214844
2953.0,200.39664,-316.07394,0.8960059,185.27383,-320.78876,0.62646294,168.6095,-327.81006,0.84391207,149.6144,-339.25357,0.81601435,130.90767,-350.25958,0.7620022,0.46634442,0.5200958,0.42326355,0.20295657,0.6822799,0.4528904,0,-124.11716,13.586711,206.1952362060547
2954.0,199.9845,-315.86124,0.8577332,185.04242,-320.39453,0.66750264,168.6095,-327.81006,0.8891333,149.23703,-339.14972,0.7560769,130.34415,-350.20395,0.6531658,0.4637928,0.4571291,0.0,0.39139435,0.5662619,0.35796842,0,-123.9639,10.739052,206.24993896484375
2955.0,198.36304,-315.184,0.77490884,184.26648,-320.39453,0.64656353,168.57883,-327.41687,0.89868575,148.15324,-339.14972,0.79361576,129.60065,-350.25958,0.69190073,1.7572122,0.77593994,0.39438286,1.083786,0.7455783,0.9443203,0,-123.760895,28.329609,207.02606201171875
2956.0,198.36304,-315.0806,0.8099336,184.24637,-320.39453,0.6669295,168.57883,-327.41687,0.8472089,147.38057,-339.14972,0.7431886,128.81432,-350.35324,0.7010308,0.103393555,0.020111084,0.0,0.77267456,0.79188925,0.3254887,0,-123.759,9.76466,206.89251708984375
2957.0,198.36304,-315.0806,0.9139076,184.24637,-320.39453,0.57870704,168.2089,-327.41687,0.8270513,147.1272,-339.55978,0.72132933,127.71403,-350.35324,0.7307502,0.0,0.0,0.36993408,0.48202753,1.1002884,0.38647652,0,-123.841,11.594295,206.53140258789062
2958.0,198.39418,-314.1527,0.9455615,184.24637,-320.25342,0.5947785,167.48901,-327.6874,0.84015405,146.72798,-339.5739,0.7490444,127.6605,-350.1643,0.7563492,0.92840946,0.14111328,0.76903635,0.39946568,0.19637059,0.5290042,0,-123.64636,15.870126,206.98135375976562
2959.0,199.7739,-310.68182,0.86714727,184.19225,-319.95932,0.6261874,167.03696,-327.6874,0.8365194,145.94955,-339.5739,0.814694,127.15806,-349.89355,0.8302116,3.7350588,0.29903656,0.45205688,0.7784271,0.5707486,1.2358673,0,-122.83917,37.076015,208.36854553222656
2960.0,199.7739,-310.68182,1.0,184.19225,-319.8435,0.6552005,166.9584,-327.6874,0.8269611,145.55232,-339.5739,0.8574343,127.10814,-349.3248,0.82286805,0.0,0.11581421,0.078552246,0.39723206,0.5709426,0.228531,0,-122.7023,6.85593,208.00363159179688
2961.0,199.7739,-310.68182,0.66659707,184.19225,-319.8435,0.5769829,166.37372,-327.78314,0.7871291,145.3621,-338.8901,0.78659695,126.66457,-348.9674,0.7643405,0.0,0.0,0.59247196,0.70977086,0.5696304,0.40764692,0,-122.513214,12.229407,207.6399688720703
2962.0,200.90163,-310.89426,0.8100209,183.43036,-319.8435,0.65119296,165.6366,-327.78314,0.81836563,145.05458,-338.80624,0.7367522,125.40715,-348.90796,0.7372794,1.1475651,0.7618866,0.7371216,0.31875524,1.2588279,0.8503475,0,-122.52701,25.510424,206.7266082763672
2963.0,200.90163,-311.42856,0.8703196,183.20538,-319.95172,0.6021748,164.17976,-327.78314,0.78476864,143.0119,-338.5555,0.7053741,123.535355,-348.4686,0.7219762,0.53430176,0.2496489,1.4568329,2.0580096,1.9226694,1.2480036,0,-122.51749,37.440105,205.5833282470703
2964.0,200.90163,-311.9415,0.79479396,182.76263,-320.91022,0.57979643,163.46867,-328.17285,0.8628691,142.23055,-338.4081,0.68271697,122.57629,-347.92523,0.70552075,0.51293945,1.0558132,0.8108776,0.7951385,1.1022967,0.8384778,0,-122.75159,25.154333,204.67469787597656
2965.0,204.29912,-311.9415,0.94832134,182.75635,-321.00317,0.57194376,162.91693,-328.31165,0.87493277,142.08908,-338.4081,0.7296029,122.19436,-347.92523,0.7262063,3.3974915,0.093168885,0.568932,0.14146423,0.3819275,1.0785618,0,-122.79791,32.356853,203.66619873046875
2966.0,205.1589,-314.1314,1.0,182.07115,-321.15527,0.51074237,162.41039,-328.38126,0.88586676,141.70532,-338.4081,0.76552355,121.799225,-347.4532,0.7219538,2.3526459,0.70187443,0.5113067,0.38375854,0.61559576,1.0046842,0,-123.18585,30.140524,201.78831481933594
2967.0,205.1589,-321.31244,0.7352881,179.75743,-323.90128,0.51588535,159.37349,-329.53952,0.84989274,138.854,-338.63138,0.77293557,118.06768,-347.4532,0.72123235,7.1810303,3.5907981,3.2502787,2.8600461,3.7315445,4.1156974,0,-125.44757,123.47092,196.7073211669922
2968.0,205.1589,-321.32074,0.8594528,178.6642,-324.44254,0.5902743,158.99269,-330.33304,0.80622476,135.81133,-340.13193,0.7952076,114.45914,-347.67688,0.6838592,0.008300781,1.2198838,0.8801581,3.3925717,3.6154702,1.7689542,0,-126.061035,53.068623,196.2031707763672
2969.0,199.69939,-321.32074,0.79072493,177.0622,-325.2343,0.6945947,158.06238,-330.39996,0.7547483,131.56386,-340.8414,0.7756541,110.250916,-347.85394,0.62825704,5.4595184,1.78699,0.93271726,4.3063126,4.2119446,3.3613174,0,-126.410065,100.839516,196.52200317382812
2970.0,190.72997,-321.32074,0.8057351,172.49913,-325.64722,0.55159295,150.65161,-331.36877,0.737339,127.697205,-341.0067,0.802802,109.314835,-347.85394,0.5909158,8.969421,4.581708,7.4738245,3.8701856,0.93608093,5.4251747,0,-126.71951,162.75523,198.05079650878906
2971.0,190.38602,-321.5183,0.98852056,171.82376,-325.7369,0.41802883,145.64215,-332.6339,0.6830578,125.046005,-341.02707,0.81816685,105.39154,-347.92996,0.59300214,0.3966544,0.68129885,5.166746,2.6512775,3.9240305,2.4858017,0,-127.049225,74.57404,197.2624053955078
2972.0,189.83568,-321.57532,1.0,170.6816,-326.84106,0.25202352,139.79245,-334.2501,0.4104931,122.33145,-341.27905,0.79236066,101.57205,-347.85394,0.49001643,0.5532834,1.5886173,6.068858,2.7262242,3.820245,2.5389752,0,-127.63992,76.16925,196.57980346679688
2973.0,189.6609,-326.09695,0.7452878,169.54832,-327.3297,0.3670105,136.47397,-335.7387,0.5048148,117.807816,-341.5547,0.740753,98.814995,-347.95648,0.5601537,4.5250134,1.2341304,3.637073,4.532026,2.7589633,3.6202564,0,-129.01529,108.60769,193.52943420410156
2974.0,186.39392,-329.8055,1.0,169.54832,-331.74014,0.4051531,131.69072,-337.88608,0.2936649,117.31358,-341.71405,0.71997523,96.04041,-348.02112,0.5718661,4.9423246,4.410431,5.243154,0.51928985,2.7753346,3.4206338,0,-131.11337,102.61901,191.3982696533203
2975.0,180.4451,-333.13974,0.9495248,165.75093,-337.00854,0.35234654,130.38565,-340.47562,0.45857787,116.59545,-342.0379,0.69289035,93.91361,-348.02112,0.50849235,6.819499,6.494325,2.899813,0.7877779,2.1268005,3.957224,0,-133.4166,118.71671,189.75807189941406
2976.0,180.27034,-339.42044,0.8607494,155.43713,-340.35812,0.28392252,130.12624,-341.2158,0.43668175,113.04369,-343.24368,0.7436599,92.0581,-349.742,0.47692886,6.2831316,10.844081,0.7843166,3.7508516,2.5306883,4.5775003,0,-136.07599,137.325,186.67373657226562
