Frames,Tail_X,Tail_Y,Tail_L,Body1_X,Body1_Y,Body1_L,Body2_X,Body2_Y,Body2_L,Body3_X,Body3_Y,Body3_L,Head_X,Head_Y,Head_L,avg_dist_vel,jittery,distance_surface,avg_acc,angle
2824.0,469.7884,1007.52844,0.8739876,398.7595,974.32104,0.7269551,331.86108,956.9338,0.8666814,279.8254,955.4824,0.7175912,212.89911,953.17596,0.57372284,,0,,,
2825.0,463.6566,1008.11346,0.9027481,397.38657,973.5623,0.78020674,332.37762,956.67755,0.84762067,280.49097,955.05597,0.68676203,212.93283,952.8969,0.565804,,0,,,
2826.0,459.0466,1006.2848,0.945272,396.16684,973.0761,0.7992843,331.8783,955.6572,0.8670834,278.7932,954.66016,0.70250297,211.51419,952.64496,0.5684956,,0,,,
2827.0,457.04892,1005.17883,0.82968086,394.84088,972.57477,0.8275125,330.70407,955.1302,0.85199714,278.693,954.5124,0.7078121,211.61998,952.39636,0.5749125,,0,,,
2828.0,456.5403,1006.6462,0.80363464,393.57925,972.2566,0.8306919,330.16855,955.5482,0.8770299,279.22607,954.45667,0.69751316,211.81316,952.46173,0.5739157,,0,,,
2829.0,457.6778,1006.6537,0.76822,393.60968,972.08734,0.8536389,329.81488,955.88824,0.8820863,279.43695,954.0043,0.69731224,211.3102,952.43085,0.5710622,,0,,,
2830.0,459.65283,1008.116,0.69742674,393.51447,971.69617,0.8666297,330.41696,956.15643,0.9149491,280.9375,953.9211,0.6610797,212.33826,952.0632,0.549553,,0,,,
2831.0,472.41095,998.0295,0.59555686,392.74936,971.4336,0.84202635,330.8583,955.8752,0.89588356,281.16382,953.403,0.63642585,212.49194,951.8358,0.57410526,,0,,,
2832.0,463.99277,999.4834,0.6646783,391.23315,971.1961,0.7865849,331.25766,955.41254,0.9085335,280.2359,953.00964,0.6565431,212.00562,951.5674,0.59693396,,0,,,
2833.0,452.41663,997.57184,0.6600936,389.31064,971.2374,0.7339813,332.7311,954.78125,0.9405624,281.98444,953.1523,0.64798033,212.7097,951.1698,0.59755594,,0,,,
2834.0,441.66446,991.4099,0.7301646,386.477,970.7752,0.68658566,333.56412,954.3172,0.9085433,281.33908,953.2775,0.648585,213.0561,950.83,0.5771136,,0,,,
2835.0,455.88074,979.0578,0.41391796,387.70847,967.4039,0.56022364,331.31683,957.37244,0.72904575,275.92938,954.1287,0.6055004,186.27448,947.49945,0.4842311,,1,,,
2836.0,468.19778,941.6795,0.375844,378.42667,963.17865,0.3836457,332.17984,961.97394,0.45613313,271.29007,953.4359,0.46842355,211.30763,937.59174,0.29461816,,0,,,
2837.0,263.42728,1755.4331,0.2005951,389.70035,964.05615,0.2039475,331.96732,970.07,0.36557558,274.4398,954.0983,0.41347492,374.55896,960.4911,0.13724583,,0,,,
2838.0,263.29086,1755.4845,0.18847871,397.341,958.2785,0.16109765,341.3225,973.8736,0.5590268,289.17273,962.0507,0.2887569,384.68973,952.8592,0.2742886,,0,,,
2839.0,263.05792,1756.3269,0.19061914,373.49658,981.7603,0.25832748,331.97144,970.99133,0.5837119,265.6809,935.80273,0.25665724,404.12244,966.73883,0.2962002,,0,,,
2840.0,422.99014,1004.655,0.3519177,365.5669,990.83545,0.61306655,323.67834,964.32086,0.57683927,287.80765,943.20905,0.23763269,255.00407,894.6651,0.25041664,,0,,,
2841.0,431.4398,1016.33954,0.63978475,367.87723,995.3697,0.62922037,328.62646,959.8647,0.46634588,294.424,927.5386,0.33639428,262.79498,881.1262,0.2984693,,0,,,
2842.0,435.6304,1033.0162,0.5916183,373.00397,998.17664,0.600266,338.1491,962.1008,0.5579473,305.8848,925.16,0.33413824,271.57028,880.7397,0.26193637,,0,,,
2843.0,440.09848,1044.9102,0.7936951,399.8005,1021.4806,0.4655723,345.35806,963.1289,0.65621674,305.29205,914.6912,0.41808483,276.51227,882.9929,0.3001501,,0,,,
2844.0,439.55374,1051.9355,0.7111989,376.43692,1004.73987,0.49408823,353.52112,965.5825,0.60269004,309.7564,912.0921,0.33197612,280.088,880.4783,0.26110473,,0,,,
2845.0,442.03043,1059.1888,0.54755133,379.09402,1002.3052,0.3701354,360.6631,966.84485,0.4790986,320.24203,913.6071,0.38504612,442.84106,1056.6705,0.25857633,,0,,,
2846.0,440.81604,1066.8073,0.5702924,387.1545,1017.99176,0.3214907,354.66916,946.87506,0.4519813,323.81763,910.99646,0.3554394,282.67868,869.06903,0.21455045,,0,,,
2847.0,435.05728,1072.0374,0.31461015,387.6518,1005.5384,0.504471,373.43198,964.7618,0.42527497,329.5027,912.2952,0.31345847,282.63486,868.0012,0.14160688,,0,,,
2848.0,419.9921,1061.4066,0.32395643,395.2378,1002.56616,0.33160245,374.16794,962.151,0.48415735,335.26355,912.08954,0.32588318,284.00922,870.4557,0.18398164,,0,,,
2849.0,418.0599,1062.3325,0.36094853,400.62613,1010.09033,0.3552675,350.42145,927.22296,0.460026,352.24844,928.06067,0.24012235,283.0584,868.73065,0.19820853,,0,,,
2850.0,417.771,1062.1729,0.4059267,399.16373,999.2885,0.3494028,367.73642,943.3899,0.48433933,320.13837,898.884,0.27977362,284.34256,868.2938,0.17714575,,0,,,
2851.0,420.57077,1062.6571,0.3980243,399.3882,997.9248,0.46627265,380.51495,963.9922,0.58411306,320.54123,898.8057,0.27167374,284.41702,868.29175,0.17787918,,0,,,
2852.0,427.7264,1064.0236,0.3539515,401.26926,998.7591,0.47207102,380.2099,963.5422,0.60843205,351.6926,930.0609,0.26158175,283.40088,867.3335,0.19581765,,0,,,
2853.0,452.72083,1067.9637,0.3182585,401.9473,998.5421,0.47467008,378.54575,960.8091,0.64028335,334.28424,910.2813,0.2741634,282.8052,867.78,0.1938053,,0,,,
2854.0,452.52847,1070.2609,0.55508274,399.87506,991.7052,0.43143794,376.4185,959.37787,0.65772736,334.86612,911.37384,0.29310283,284.16254,868.7655,0.20641671,,0,,,
2855.0,453.8159,1067.6637,0.6062196,400.16296,993.899,0.32917026,374.82623,958.87585,0.6429348,334.34442,910.6029,0.2891659,282.59314,868.1277,0.20844819,,0,,,
2856.0,456.57254,1059.456,0.61579174,398.46768,993.9593,0.30632362,373.6822,958.63257,0.6462291,332.4749,909.7287,0.23421869,282.8237,868.399,0.18413359,,0,,,
2857.0,447.61273,1057.3931,0.78093535,409.21893,1014.9816,0.31993943,372.83432,958.7687,0.649095,304.1289,885.3573,0.24282783,281.96527,868.1071,0.18986431,,0,,,
2858.0,446.8308,1054.1918,0.77941185,408.6403,1014.7479,0.3049325,371.65894,957.5646,0.6169089,319.78333,898.6484,0.22468333,282.4036,868.6496,0.19668062,,0,,,
2859.0,445.24124,1055.4761,0.66683614,408.47617,1015.25397,0.27658552,370.87036,956.8802,0.58067375,302.79956,885.14606,0.2559308,280.5307,868.1461,0.22864778,,0,,,
2860.0,446.17996,1055.2574,0.60407937,397.68143,1002.02576,0.30084795,370.71548,957.07666,0.57352966,302.8671,886.3144,0.26144278,279.63132,865.7021,0.23844838,,0,,,
2861.0,446.27634,1054.132,0.5427349,398.24396,1001.0847,0.32963935,371.55545,956.9373,0.6010557,302.25803,885.4928,0.2675065,277.97217,864.1565,0.2472202,,0,,,
2862.0,446.2178,1053.511,0.40806645,400.90546,1001.66895,0.36000767,370.8001,954.7864,0.5826962,297.15646,883.67596,0.27834642,277.96906,863.9037,0.25960723,,0,,,
2863.0,446.70776,1054.311,0.43133625,397.928,986.87726,0.38946047,363.98776,946.5106,0.5386711,299.39606,884.74774,0.26754394,277.65607,863.2381,0.2586028,,0,,,
2864.0,457.45706,1047.3934,0.58356,401.8139,985.80115,0.52867526,354.60086,943.12775,0.5717385,323.9297,911.8616,0.45145416,278.81396,863.1498,0.30287972,,0,,,
2865.0,476.4773,1023.95245,0.6623131,394.8075,970.8867,0.65687025,347.51462,943.84467,0.4652763,320.0436,920.36066,0.28996283,292.65942,896.00433,0.22414468,,0,,,
2866.0,483.4823,996.82764,0.7001201,382.7198,963.77124,0.529896,332.44672,940.5231,0.26110902,309.4301,921.2735,0.18383841,294.27713,898.2915,0.14968063,,0,,,
2867.0,467.29312,965.88696,0.6434173,375.88855,964.8685,0.26911598,918.5144,1847.178,0.25583425,300.2652,871.3834,0.2324127,325.37457,831.91547,0.39799958,,0,,,
2868.0,439.34406,962.12317,0.5252039,362.12402,969.1688,0.20436916,782.0293,1863.9219,0.23187476,313.22766,859.6451,0.20388193,330.60458,829.45465,0.39010262,,0,,,
2869.0,425.28824,969.5319,0.50472456,330.83505,971.4165,0.25657368,775.31866,1863.1736,0.2583255,315.42117,857.9599,0.31479168,342.57254,820.64905,0.4269646,,0,,,
2870.0,422.69894,978.3871,0.40329015,329.8694,972.1094,0.2596303,919.6569,1847.9843,0.24854502,319.45694,857.0428,0.37458587,344.85703,817.0384,0.454482,,0,,,
2871.0,422.29013,980.6331,0.39565927,330.25812,973.9484,0.25676933,919.5448,1847.549,0.26638827,319.8977,856.94727,0.44599947,344.20108,816.08746,0.48803815,,0,,,
2872.0,421.10504,988.70514,0.32006997,330.86526,977.2558,0.29796603,919.1323,1847.5602,0.29405293,319.1515,858.37524,0.49194,343.73676,815.68536,0.48786107,,0,,,
2873.0,420.57385,994.6156,0.3356631,331.50952,978.5339,0.3157647,759.6451,1863.5264,0.2934441,317.56683,857.9593,0.4916505,342.527,815.26086,0.47671703,,0,,,
2874.0,418.42566,997.4698,0.3703122,332.55927,979.7919,0.2842005,918.57697,1847.8813,0.34847784,316.7078,856.8821,0.448057,341.6564,813.3159,0.42528886,,0,,,
2875.0,410.35034,1004.3065,0.3723975,337.86838,984.6951,0.43866116,919.9114,1847.3816,0.3548286,315.64462,854.3665,0.39332536,340.7431,811.7063,0.41982234,,0,,,
2876.0,400.0657,1016.2948,0.6270447,342.40536,990.14624,0.3351301,919.79,1848.0952,0.3025489,311.45224,853.8517,0.43078867,335.0193,812.4507,0.46651927,,0,,,
2877.0,395.79388,1025.2844,0.34914517,352.92343,989.1514,0.3394273,920.9969,1847.7086,0.31377953,308.6169,851.8332,0.40811223,334.27463,812.4705,0.51665235,,0,,,
2878.0,405.241,1001.94183,0.59397244,340.60986,977.0018,0.45085227,925.8065,1846.4343,0.26319638,304.7767,855.2518,0.37452525,334.09824,812.12286,0.58556837,,0,,,
2879.0,388.88242,980.49115,0.48075688,300.75436,971.10034,0.30383584,926.92017,1847.1638,0.2552629,304.40295,857.66797,0.47620204,336.60382,809.93304,0.48966157,,0,,,
2880.0,364.08902,986.5741,0.36149234,288.9823,977.3861,0.27761763,327.2502,827.0655,0.29622588,305.2945,856.8164,0.4139285,344.50677,806.8563,0.5931168,,0,,,
2881.0,356.6435,994.82825,0.4252698,283.24646,980.9171,0.3276372,332.15985,822.0757,0.2684482,310.13785,846.19794,0.42967927,349.0237,804.5046,0.61101836,,0,,,
2882.0,342.65652,1004.86334,0.3281537,282.13538,987.0481,0.45211467,326.6719,825.7047,0.23300622,305.3244,851.4051,0.45103234,350.42413,805.39935,0.6896573,,0,,,
2883.0,330.6959,1020.41376,0.441241,280.94672,983.6241,0.4715202,332.48953,825.29956,0.26174998,303.60492,849.38556,0.5703331,353.2372,805.55273,0.705996,,0,,,
2884.0,332.25366,1015.2646,0.52985656,272.73654,961.1796,0.3018404,332.00842,828.225,0.3347896,300.52835,848.78314,0.59168595,355.41672,806.36066,0.6343186,,0,,,
2885.0,339.22083,992.86053,0.5201066,286.52487,973.082,0.22721621,331.18146,829.45776,0.32884404,300.1815,851.20337,0.6328974,359.85837,807.7149,0.5630418,,0,,,
2886.0,317.74783,972.1134,0.17855394,250.25526,952.6839,0.24613044,329.75952,831.9482,0.33447018,299.75818,851.1743,0.6354395,363.0318,808.93384,0.6972706,,0,,,
2887.0,294.3932,986.3195,0.34438205,229.91344,925.20337,0.14017455,330.53314,832.0976,0.35154313,303.06595,848.9177,0.6075744,364.78537,811.2548,0.7466239,,0,,,
2888.0,260.9665,1755.4868,0.1854479,257.58273,962.7827,0.2076319,243.90791,896.64294,0.4426013,297.50015,850.6617,0.6041135,365.03897,810.9916,0.73891306,,0,,,
2889.0,261.1999,1756.6691,0.16911672,207.03226,938.38586,0.2581497,245.23346,890.43835,0.49730593,297.12622,848.705,0.6388702,365.5278,810.32916,0.7588559,,0,,,
2890.0,261.9877,1757.1512,0.20828106,188.67899,961.6043,0.2763828,244.54105,888.52783,0.49783552,297.26132,847.79315,0.63608843,365.9354,809.97754,0.7743499,,0,,,
2891.0,188.22134,1013.8635,0.18848684,192.0243,944.2902,0.3679684,244.40428,885.955,0.49226528,297.1952,846.2618,0.561858,366.29114,810.01953,0.78830314,,0,,,
2892.0,171.92867,1022.4889,0.37966353,187.34691,943.1627,0.44467565,239.35562,888.4476,0.47678083,296.768,843.86725,0.58485466,365.91116,810.1036,0.7603572,,0,,,
2893.0,160.35796,1025.2043,0.34425583,181.66948,940.20276,0.46780753,238.31926,885.5093,0.4807218,297.4621,842.4477,0.6164955,364.2453,810.27594,0.7448945,,0,,,
2894.0,136.68028,1033.466,0.24007903,179.91666,940.13196,0.45355004,236.45529,882.9132,0.51037943,295.00638,843.3335,0.5883748,359.02725,810.48035,0.74874306,,0,,,
2895.0,107.97661,1031.6527,0.2874751,176.78748,940.1395,0.4739428,232.34532,884.97473,0.5320377,291.9724,844.67017,0.52547294,354.97766,812.19135,0.80768394,,0,,,
2896.0,263.19516,1757.4105,0.22969098,172.1827,941.2436,0.40027782,231.14482,882.393,0.5027891,290.23972,843.99695,0.47696435,354.22366,811.55505,0.8046919,,0,,,
2897.0,111.14712,1036.4814,0.43384627,170.74826,941.8396,0.3566225,225.81706,886.0104,0.48789704,284.0696,845.75854,0.46014747,353.5205,810.99603,0.79466206,,0,,,
2898.0,109.49165,1035.8663,0.56328034,171.93248,938.527,0.38074178,223.83455,884.55084,0.4757162,280.5733,845.6223,0.54998016,351.71246,811.34814,0.8315619,,0,,,
2899.0,113.26558,1031.8854,0.6713019,168.70013,937.8367,0.34165972,222.08478,883.11194,0.5059082,280.19348,842.46185,0.5370813,351.43903,810.3781,0.801152,,0,,,
2900.0,115.320175,1031.8396,0.6074192,168.44937,934.5405,0.32234132,218.81734,884.57135,0.504664,278.18057,842.82086,0.49564916,350.82886,809.39484,0.8225363,,0,,,
2901.0,106.73942,1033.5051,0.4331883,167.80435,933.6711,0.3678393,218.42339,883.5256,0.54171026,277.2907,841.93933,0.5108308,350.30917,808.65955,0.8025912,,0,,,
2902.0,97.2891,1026.2953,0.4347223,165.8788,933.7925,0.3255039,217.17906,882.0959,0.50617653,276.9896,841.97406,0.5058556,349.39572,808.19556,0.77172273,,0,,,
2903.0,98.41796,1028.4155,0.37697753,162.24936,933.754,0.32571656,214.88667,883.79974,0.50228614,276.62292,840.1124,0.5106944,346.7884,808.6713,0.7456106,,0,,,
2904.0,98.54113,1033.173,0.2913211,159.988,933.1388,0.29618895,220.18732,877.0549,0.4959903,276.9335,839.8302,0.5046183,344.64563,807.71515,0.73099005,,0,,,
2905.0,102.39757,1037.0376,0.49034625,159.37892,933.2268,0.28576463,214.14516,884.9072,0.5143044,274.97867,839.5832,0.49244368,343.944,808.3946,0.7587498,,0,,,
2906.0,104.814514,1039.1173,0.5673519,148.60541,947.02185,0.23182598,212.44366,888.918,0.48704442,271.68546,842.2813,0.4671156,343.2366,808.61224,0.7745885,,0,,,
2907.0,104.17656,1039.6062,0.644735,161.4169,934.2193,0.24462953,210.44878,884.656,0.4573368,265.25348,846.6042,0.53354067,337.69684,810.65564,0.78333104,,0,,,
2908.0,98.30759,1029.6385,0.3552038,165.30965,931.8205,0.25501233,210.6213,883.7572,0.4143201,266.48346,846.2139,0.42200112,337.39725,813.1351,0.7699898,,0,,,
2909.0,89.42458,1029.1812,0.34113514,120.47476,985.38367,0.29083562,207.20616,886.348,0.39144108,263.22974,848.3716,0.54026365,335.303,815.8076,0.762128,,0,,,
2910.0,265.04547,1762.0576,0.24639063,121.41601,986.0548,0.30240002,201.81332,891.48486,0.3800499,261.60324,850.5549,0.5605063,333.55392,817.90704,0.7419474,,0,,,
2911.0,264.82904,1761.7445,0.25602922,121.0225,984.3904,0.26515248,195.3093,900.30493,0.4619326,259.66592,851.11725,0.5386751,332.52292,817.7626,0.7318145,,0,,,
2912.0,111.69386,1020.4999,0.5478707,118.819405,978.8241,0.2671778,194.67357,898.3999,0.4756021,259.19418,852.28723,0.523884,331.9312,818.6908,0.7388544,,0,,,
2913.0,121.86899,1016.9952,0.3176357,115.56932,962.4575,0.26484105,190.24797,896.64215,0.5677112,251.37108,856.1514,0.5228971,330.24667,820.48486,0.695619,,0,,,
2914.0,265.4047,1760.3234,0.23430781,110.87653,959.1503,0.32622814,185.53345,897.9607,0.4948092,251.65437,853.903,0.45170406,332.81403,822.5812,0.69176227,,0,,,
2915.0,265.2451,1761.0276,0.24919643,111.97694,958.5056,0.32291183,183.2102,896.3624,0.52370846,249.421,857.8965,0.4679471,325.81796,831.2365,0.7067309,,0,,,
2916.0,107.017265,1033.7145,0.36813092,100.454414,965.3725,0.25629136,179.63571,896.42755,0.4519993,246.36044,865.39624,0.49185383,323.68176,839.715,0.7317076,,0,,,
2917.0,264.75055,1760.2664,0.26600635,85.21785,950.68463,0.21973996,176.88919,897.8864,0.48562983,248.2728,869.0668,0.45422015,322.84482,848.9202,0.7885021,,0,,,
2918.0,263.31122,1756.3773,0.2403581,105.688644,930.65643,0.17065176,173.72664,900.9771,0.5371757,248.48344,872.10675,0.4040716,323.44205,853.5021,0.81888354,,0,,,
2919.0,263.35916,1756.6469,0.20985709,105.09309,931.9646,0.22378072,172.51921,904.15515,0.532599,248.71072,875.0011,0.44394106,324.26736,855.49066,0.8002968,,0,,,
2920.0,263.0976,1756.5988,0.19663742,96.347046,951.5036,0.2118549,174.90623,910.9693,0.5547234,250.51823,878.3808,0.4120678,326.80667,857.1216,0.7746557,,0,,,
2921.0,263.1027,1756.3533,0.15228128,109.01063,950.0026,0.19378643,175.82733,915.13354,0.6044969,250.90034,882.79254,0.5122731,326.53812,859.4467,0.7500078,,0,,,
2922.0,341.5443,874.5871,0.15362513,93.82029,975.88635,0.27647308,163.41602,925.9681,0.4685167,250.62117,884.96716,0.4054895,326.96066,862.9388,0.70618427,,0,,,
2923.0,109.993065,1037.407,0.24485934,112.86965,958.86523,0.18200779,188.0795,917.2477,0.44957653,250.84694,887.7042,0.45314533,326.02383,865.22925,0.6913339,,0,,,
2924.0,339.58627,874.3776,0.12417789,104.95723,957.1242,0.19128402,186.14555,922.0408,0.5254453,250.5454,893.14343,0.34624457,326.86517,868.22406,0.74820226,,0,,,
2925.0,339.6502,875.45154,0.1491219,112.337364,955.2139,0.19605257,187.2495,922.51965,0.54336965,260.21466,891.3362,0.3982713,327.5835,870.1311,0.7561763,,0,,,
2926.0,104.80937,1012.1935,0.1499877,112.82369,962.75824,0.19022548,187.06429,925.65564,0.5570033,253.5225,896.03375,0.41315815,328.5378,870.74023,0.7415206,,0,,,
2927.0,109.66932,1015.90533,0.12880844,113.072945,964.9373,0.16230166,189.7302,928.62,0.6518092,260.80496,895.53485,0.4223569,329.5872,871.5524,0.7303807,,0,,,
2928.0,116.581116,1024.0652,0.1292313,106.35515,973.52234,0.24235438,192.93996,929.2571,0.64751494,261.1892,896.7793,0.4622497,329.8164,872.21234,0.7040252,,0,,,
2929.0,261.41766,1757.1509,0.11294959,95.6702,988.18256,0.18551415,194.332,929.51776,0.5745373,262.34064,897.4781,0.48712003,329.2335,875.8554,0.6972857,,0,,,
2930.0,98.74056,1053.245,0.37054643,102.60742,985.9047,0.25716957,192.57292,929.2525,0.5138259,261.87506,898.16895,0.47423935,334.86627,880.2674,0.582444,,0,,,
2931.0,171.58083,1051.9071,0.2650167,100.28259,979.1494,0.29403785,187.8645,930.0797,0.53193045,245.54796,904.8829,0.45857355,321.605,895.69244,0.5655079,,0,,,
2932.0,146.39287,1010.1071,0.12356321,127.87226,952.39374,0.416482,187.77745,926.35425,0.713714,242.18147,910.2171,0.4490181,320.68665,912.6228,0.5992721,,0,,,
2933.0,260.93567,1756.4442,0.091076605,125.554184,945.2046,0.27438495,191.1404,919.4869,0.8824096,246.78177,915.39886,0.42415082,322.70383,930.2932,0.56103367,,0,,,
2934.0,264.3637,1756.1989,0.110795364,104.91829,954.7838,0.38125122,193.7243,917.3661,0.7297421,249.80846,914.11975,0.4043683,311.46564,935.3382,0.6485487,,0,,,
2935.0,262.95963,1755.0042,0.12147165,174.06969,935.63324,0.19850065,224.39015,909.6878,0.5264697,261.253,915.85803,0.3825668,303.61118,948.14166,0.70292264,,0,,,
2936.0,115.93206,973.1566,0.47178504,181.13416,924.4857,0.28641677,235.7988,904.34625,0.51109195,271.39877,922.4451,0.3387283,304.15063,966.4973,0.5368496,,0,,,
2937.0,124.59397,959.73083,0.68228865,177.62717,918.8713,0.33140114,245.29639,904.59827,0.62240696,278.95068,928.75146,0.33018532,300.06256,992.0398,0.4021134,,0,,,
2938.0,133.57065,942.96466,0.6951987,195.0464,911.55536,0.46250656,259.96848,911.1786,0.46728605,281.37067,935.7429,0.22786184,295.27652,1003.4684,0.3288505,,0,,,
2939.0,125.82599,932.8071,0.4413885,194.5835,909.57947,0.2822412,265.54037,917.96466,0.5429594,289.36942,959.2294,0.2781497,296.06912,1004.822,0.31379968,,0,,,
2940.0,121.13726,920.7311,0.3396167,208.17464,900.42975,0.37730518,269.72324,925.86505,0.54372734,286.88834,973.05133,0.27812043,297.15482,1013.44293,0.25284138,,0,,,
2941.0,122.3784,909.4432,0.43253452,233.6182,898.55054,0.3664877,270.57822,932.43964,0.5576119,285.88058,977.80084,0.31137976,294.84872,1017.7888,0.3480452,,0,,,
2942.0,205.45123,892.1733,0.23580138,234.43338,898.57733,0.3711503,269.26593,934.60754,0.46865606,283.56964,980.02435,0.3035111,294.1341,1018.41327,0.31913787,,0,,,
2943.0,210.62944,891.1994,0.53937733,244.30746,903.7472,0.3703699,269.90195,945.53577,0.48005852,284.21133,982.74915,0.29745144,295.86078,1024.6619,0.32532516,,0,,,
2944.0,211.47452,886.05347,0.2859081,243.77306,903.66626,0.38862953,269.39047,949.13184,0.49835053,282.4337,984.4114,0.2928299,296.66962,1025.3538,0.29484734,,0,,,
2945.0,203.20288,876.7554,0.39119542,241.72833,901.4902,0.46687463,268.32434,950.58,0.4637297,280.97888,984.42944,0.27263522,295.68124,1025.4376,0.269276,,0,,,
2946.0,213.91315,880.96313,0.58412606,252.78401,915.3872,0.5626845,270.0199,957.8728,0.4281126,283.1362,992.2436,0.3196317,298.34598,1029.4469,0.30043104,,0,,,
2947.0,212.81117,878.65564,0.48898816,247.18552,911.10187,0.57387316,267.63867,952.303,0.41642985,282.95456,992.67316,0.32776812,298.09995,1030.1989,0.31360844,,0,,,
2948.0,208.91142,868.3944,0.37239397,247.18175,914.72723,0.5453673,270.1553,958.1696,0.42305475,283.9869,993.9037,0.34295908,296.6623,1031.9631,0.33419505,,0,,,
2949.0,178.48067,867.3849,0.6957174,250.04095,916.7259,0.57440686,273.38052,957.21625,0.40391448,287.38486,996.7795,0.34722355,295.34253,1034.2124,0.2669106,,0,,,
2950.0,176.71962,880.5035,0.62651235,220.38419,904.47485,0.39012492,230.66852,913.99646,0.31220385,292.6774,1000.6769,0.2690363,290.04285,1036.8846,0.2578423,,0,,,
2951.0,163.72903,906.3267,0.19051257,225.93971,917.8547,0.4402916,918.42285,1848.0935,0.3263064,292.5107,1011.64655,0.2648533,247.88156,1037.1791,0.44977108,,0,,,
2952.0,160.83888,948.25543,0.6257778,249.25172,942.26355,0.5132567,917.4887,1848.1267,0.3128623,285.30884,1009.3201,0.39842367,243.61096,1031.4465,0.4455166,,0,,,
2953.0,183.87694,962.0537,0.7167378,308.9727,950.5633,0.1460467,917.7714,1849.3585,0.29578432,284.1984,1000.77594,0.33138898,240.6255,1025.9686,0.31819975,,0,,,
2954.0,211.83522,955.5998,0.3657917,311.10727,948.3819,0.22923028,293.3127,989.447,0.35897672,254.11307,1014.888,0.2716208,229.72292,1030.2589,0.43727937,,0,,,
2955.0,262.8103,1756.7216,0.18965986,318.523,943.91565,0.16679452,296.61404,982.335,0.34030375,253.21089,1017.4657,0.38100833,215.38882,1041.8132,0.5898762,,0,,,
2956.0,262.03864,1756.3124,0.1767472,320.03476,939.67523,0.21309926,294.54868,979.4435,0.44382325,249.5239,1021.2125,0.6972517,213.27155,1042.7644,0.7151816,,0,,,
2957.0,262.5314,1756.5162,0.19519423,317.27792,938.5977,0.28359616,294.20523,978.4046,0.5237212,255.89275,1015.4474,0.71765256,209.34741,1043.0477,0.64592034,,0,,,
2958.0,264.6514,1758.7532,0.20763545,318.0812,942.4821,0.34570733,292.36386,979.6845,0.55829996,250.04642,1016.6995,0.64586866,199.04222,1047.4889,0.6501865,,0,,,
2959.0,264.63947,1760.1033,0.24430239,320.67664,944.22424,0.3596106,293.18887,978.8183,0.5900619,249.09749,1016.04974,0.63010144,195.66943,1049.2441,0.6769999,,0,,,
2960.0,265.04596,1760.0575,0.22357708,327.26505,948.9364,0.3849256,291.8451,978.87396,0.6480868,246.80894,1016.76697,0.7064826,192.57419,1049.1278,0.59914386,,0,,,
2961.0,321.3511,934.8462,0.28951576,327.23163,956.9441,0.51668006,290.1434,982.592,0.65057474,242.63692,1018.32263,0.69603896,184.93204,1051.6119,0.6703781,,0,,,
2962.0,323.14285,936.196,0.38377,327.36035,961.88947,0.45411515,286.37665,981.44055,0.6609016,240.28424,1017.8446,0.68508077,184.80421,1049.3502,0.64349276,,0,,,
2963.0,332.29575,933.317,0.36918378,323.8143,962.9713,0.6344919,284.86237,983.5238,0.6176987,232.76552,1020.11523,0.69112515,179.23466,1049.7266,0.6276106,,0,,,
2964.0,358.13303,938.61523,0.31195363,322.1139,962.0408,0.77507484,282.24335,987.6263,0.5436617,231.40765,1020.0948,0.7233512,177.83627,1050.0106,0.6196976,,0,,,
2965.0,355.27603,931.30664,0.35749754,319.95044,960.5356,0.7841023,281.6477,986.6415,0.536054,235.54599,1016.94946,0.71062565,178.72447,1048.1654,0.6078655,,0,,,
2966.0,362.65012,929.6713,0.47572002,321.73898,959.82245,0.77579576,281.95026,986.38055,0.5480083,235.05458,1016.49835,0.7380657,178.25658,1048.0121,0.5555577,,0,,,
2967.0,365.64374,926.0818,0.3647417,322.73813,959.6465,0.7365798,276.96075,989.115,0.5738602,233.97859,1016.4856,0.7426493,177.20018,1047.6421,0.53191435,,0,,,
2968.0,363.68277,923.7513,0.53458613,322.80615,960.4281,0.6605061,273.5849,990.25256,0.59612566,230.7312,1018.13416,0.74683875,171.69212,1052.129,0.5145783,,0,,,
2969.0,366.39017,921.3877,0.55866,321.55865,961.12067,0.6337222,268.74115,990.8505,0.6054455,229.0947,1018.9367,0.7383098,170.26059,1052.4099,0.57854325,,0,,,
2970.0,367.745,920.2346,0.56051284,322.50876,960.8445,0.60152537,268.5219,990.77545,0.57209563,228.68523,1018.78076,0.73886347,169.30884,1052.4525,0.6119277,,0,,,
2971.0,369.23663,919.468,0.59380555,319.40698,962.4039,0.60954064,266.77786,993.49286,0.61586684,225.93826,1019.08057,0.7139071,168.63118,1052.6007,0.6918321,,0,,,
2972.0,369.964,918.67706,0.61187106,318.63538,962.5171,0.61062264,266.67944,993.1867,0.6161585,225.0426,1019.18054,0.7024766,168.64307,1052.9646,0.695341,,0,,,
2973.0,370.61902,918.2163,0.6253194,317.32858,962.94305,0.6289442,266.2281,991.3866,0.60715574,222.7829,1020.1303,0.6985098,167.83992,1053.0077,0.72497183,,0,,,
2974.0,371.3831,916.1269,0.68972725,316.01456,963.5835,0.6424702,266.16052,990.6814,0.6000129,222.74283,1018.8015,0.7075105,167.77245,1052.8855,0.72452486,,0,,,
2975.0,372.81387,913.60333,0.68613076,314.25742,963.8596,0.6164879,265.33386,991.3893,0.6014628,222.36043,1018.15063,0.7222347,167.83325,1052.6034,0.7018663,,0,,,
2976.0,375.81497,913.00055,0.60177827,310.1955,966.28674,0.5864087,260.5435,991.80914,0.574669,220.41971,1018.52527,0.7422916,167.51787,1051.7867,0.68120015,,0,,,
2977.0,379.2401,919.13495,0.69474775,309.95697,966.2736,0.5748662,261.88904,993.36285,0.59683746,217.8225,1019.7871,0.7624991,166.99568,1051.3231,0.6738264,,0,,,
2978.0,370.91968,929.94727,0.9947443,308.52344,967.2771,0.5257926,261.41803,993.25946,0.5923829,218.78355,1019.531,0.74968016,167.3742,1050.8425,0.6362379,,0,,,
2979.0,365.8097,931.1088,0.99316883,309.16885,967.0792,0.57452106,261.87625,993.08215,0.59259105,218.31573,1019.3381,0.7682903,166.38515,1051.0203,0.6931391,,0,,,
2980.0,364.66544,931.2182,0.72041225,309.76923,966.1465,0.5955765,264.12198,990.406,0.5670144,221.15631,1017.8195,0.7248025,162.51205,1052.2565,0.6714491,,0,,,
2981.0,366.23193,930.2388,0.64402497,309.99097,966.15497,0.5980642,261.97464,992.17944,0.5733974,217.55959,1019.1399,0.76162446,160.63881,1052.6237,0.6868278,,0,,,
2982.0,366.88577,929.0696,0.6359363,309.84793,966.4482,0.6106839,261.2207,992.1016,0.6127149,216.458,1018.7516,0.7679959,159.56142,1052.2643,0.6692779,,0,,,
2983.0,367.00095,928.855,0.63304454,309.42612,966.7319,0.57340354,259.85922,992.0971,0.57303417,216.69261,1018.1786,0.774794,160.85143,1052.1868,0.6810068,,0,,,
2984.0,367.38226,928.33215,0.6311552,308.63193,966.5953,0.58248746,259.04373,991.5299,0.56663615,215.95848,1018.42316,0.77732384,161.57848,1051.7133,0.64337057,,0,,,
2985.0,367.49286,927.3235,0.6498311,307.85406,966.6052,0.57614505,258.4687,992.5416,0.5662083,215.17886,1019.2182,0.7869559,161.4614,1051.8087,0.66273063,,0,,,
2986.0,367.54733,926.4615,0.66985863,305.9429,967.81445,0.5508745,259.12076,991.67017,0.56457657,216.06294,1019.0002,0.77884996,161.34438,1052.0522,0.64264745,,0,,,
2987.0,367.3555,926.1249,0.6538213,304.46457,967.88837,0.55998844,259.2138,991.6365,0.5597975,216.27348,1019.54486,0.7676658,161.01535,1052.4604,0.65537846,,0,,,
2988.0,369.63232,928.43866,0.63712066,301.98035,968.5998,0.56423026,253.08188,993.0341,0.61036587,213.79562,1021.6903,0.7423159,150.0384,1054.5287,0.587647,,0,,,
2989.0,369.0077,932.6293,0.7329962,300.37012,971.5006,0.7043977,252.56586,995.81354,0.6389463,211.38239,1025.4462,0.74208444,134.70172,1057.0535,0.5803583,,0,,,
2990.0,360.6703,920.8931,0.64692104,301.8341,970.67456,0.64306676,255.833,996.5316,0.5424393,212.66748,1025.6805,0.77403796,133.62123,1058.1337,0.5444037,,0,,,
2991.0,336.56192,916.6831,0.25698906,305.08115,968.18756,0.68507093,265.22696,996.8991,0.54675984,216.48363,1027.1096,0.7369242,133.26985,1059.8131,0.5188776,,0,,,
2992.0,264.0508,1759.3589,0.15606433,307.8505,971.9216,0.40070245,265.6534,1003.7602,0.544746,221.82695,1026.853,0.6623413,131.63406,1061.8708,0.48504505,,0,,,
2993.0,260.9924,1756.5303,0.16471402,312.29132,964.68744,0.21305934,274.9317,1001.47174,0.59915197,222.65459,1027.1324,0.71720594,109.625786,1065.8062,0.4870062,,0,,,
2994.0,260.92056,1756.8575,0.18162644,313.59216,966.04565,0.23988971,278.0791,1003.5105,0.6758628,224.60788,1028.6624,0.7564644,109.44389,1066.8369,0.49537736,,0,,,
2995.0,261.3383,1756.8058,0.18863067,334.01547,975.81934,0.25946638,282.03143,1003.46094,0.67140484,226.02312,1031.6382,0.72087806,118.537865,1068.2559,0.4978642,,0,,,
2996.0,347.8464,1055.8801,0.37837443,335.0353,982.2345,0.4257254,283.41284,1002.9044,0.707464,226.75299,1033.3245,0.7111516,144.26965,1067.4595,0.4973944,,0,,,
2997.0,262.6141,1757.5752,0.23392087,334.0276,983.1581,0.56378436,283.8617,1004.10297,0.68300223,227.06406,1032.1569,0.7178788,146.45027,1066.2731,0.51705503,,0,,,
2998.0,361.65967,969.9188,0.3367137,333.68118,987.0392,0.6055454,282.2918,1008.0149,0.69446194,226.47285,1033.0824,0.69768167,108.024925,1065.487,0.41783413,,0,,,
2999.0,264.18707,1760.2446,0.19842702,345.4965,990.7026,0.5940654,294.1269,1005.46625,0.7133261,225.08871,1031.8055,0.6812327,101.91462,1056.1399,0.3956542,,0,,,
3000.0,264.76047,1759.5206,0.16192003,351.01767,1002.2264,0.17679463,290.80823,1008.3934,0.6989976,221.70113,1031.3468,0.6001996,155.70793,1052.9233,0.23534785,,0,,,
3001.0,265.27267,1760.6923,0.19735022,352.6779,1003.91187,0.17688909,291.6631,1007.2097,0.71720386,208.8791,1034.166,0.6524128,98.63827,1051.8702,0.30923748,,0,,,
3002.0,373.4567,1002.6417,0.470353,345.8592,996.32104,0.4476544,292.62265,1006.1863,0.7058088,238.13976,1027.3651,0.45894164,102.847725,1052.9852,0.2974258,,0,,,
3003.0,383.1839,1001.13464,0.6016512,336.24628,999.617,0.5784341,279.0452,1009.2399,0.73425263,193.18742,1036.0352,0.56267405,100.634834,1054.0868,0.31995803,,0,,,
